id,name,email,description,address,city,state,country,birthdate,password,last_login
7834,Dr. Gregory Gutierrez Jr.,thompsonmichael@example.net,Quite enough watch those.,233 Robinson Garden,New Haleystad,Iowa,Mongolia,1974-03-13,#@JIj_cb8Y,1976-02-19 10:02:44
3707,Henry West,phillipssarah@example.com,Information debate bed.,76012 Patrick Prairie,Meltonfurt,Louisiana,Kyrgyz Republic,1977-09-08,J^48RAsOuZ,2011-03-19 14:55:16
1407,Joel Roy,alexandermarco@example.org,Drug show west statement everyone.,068 James Lock,Valdezmouth,Illinois,Israel,1994-01-12,A+7_PYUa1Q,1973-08-14 01:20:49
2359,Joseph Brooks,denisemartinez@example.com,Two range study base house.,0260 Castillo Island Suite 616,Martineztown,New Mexico,Myanmar,1982-07-14,!4(kkYwp+x,1972-04-26 18:47:06
1475,Ashley Morales,bhinton@example.net,Program space serve medical never necessary chance.,0025 Robert Cape,Port Michelleshire,North Dakota,Jordan,2007-05-24,cq4iJw1K%n,2017-04-09 15:30:25
9434,Joseph Martin,bjohnson@example.net,Positive before defense energy politics huge old quickly.,54745 Sonya Flats Suite 747,Port Kimberly,Pennsylvania,Iraq,1996-03-26,q@#S$L8t&3,1988-01-22 12:31:12
7871,Ashley Edwards,gtrevino@example.org,Oil pretty follow Republican.,26199 Abbott Spur Suite 265,East Bryan,Montana,North Macedonia,2023-01-13,)xJPNEdb#3,2007-02-16 19:59:25
1808,Jennifer White,samuelhopkins@example.net,Rest throw or price many prepare record.,000 Wright Orchard Suite 770,Patelburgh,North Carolina,Chad,1985-04-06,I#mC4$JfwS,1979-08-24 05:12:00
6453,Michael Simmons,lindageorge@example.org,List tonight thank product drive.,87303 Reed Harbor Apt. 459,Lake Blake,New Mexico,Saint Kitts and Nevis,1997-04-27,i4mhiUgc#Q,1974-07-19 13:51:24
4244,Rodney Bailey,rodriguezdavid@example.net,Leave cost know present soon right energy.,189 Russell Islands Suite 914,Caldwellton,North Carolina,Ethiopia,1980-09-24,@(oBZ0pu8i,2006-11-08 00:17:09
9971,William Johnson,jmartin@example.net,Set under information commercial other game effect.,007 Duane Ville,Wintersfurt,Nebraska,Isle of Man,1996-10-02,%@1(1LhwdR,1992-10-16 18:37:37
5278,Timothy Boyd,michelemartinez@example.net,Red small people left plant.,393 Wendy Inlet Suite 817,Lake Crystal,Minnesota,Sudan,2017-12-30,xj9%Owztd@,1983-06-24 19:57:27
482,Mark Franklin,phillipspatricia@example.net,Understand model door or thus address.,0232 Michele Wells,Garymouth,Illinois,Jamaica,1972-07-02,3_mSX1jtnV,1981-09-08 21:50:25
5519,Joshua Mckay,nicole97@example.org,Defense significant hard sort low daughter sort.,5853 Ramirez Knolls,Reillyport,Missouri,Nepal,1990-08-22,%*gEOaHi8U,2013-07-14 21:02:54
9059,Beth Craig,johnsontyler@example.net,Pattern act onto everybody notice century.,85234 Thompson Pike Apt. 368,Port Patricia,South Dakota,Chad,2008-11-19,@VDf2f&e8r,2003-11-10 15:29:52
7963,Angela James,swansonchase@example.net,Reach fact store top remain action.,0945 Carlos Tunnel,New Tylerville,Maine,Guernsey,1989-07-04,&IIqZyiRQ2,1994-11-15 07:00:11
1606,Paige Black,briangarcia@example.org,Up church reach notice.,159 Martin Springs Suite 166,Myerstown,Georgia,Cocos (Keeling) Islands,1985-10-29,q)!3Egw+cT,1990-08-13 00:24:02
8062,Jeremy Kidd,brian55@example.org,It record party best no case better.,112 Gary Corner Apt. 495,South Jamesburgh,Pennsylvania,Honduras,1986-12-24,Q5)6NlQB&h,1993-10-09 02:47:04
2798,Briana Alexander,nancymerritt@example.com,Use me wrong yard.,91288 Navarro Fork Apt. 029,Lake Michaelhaven,Alabama,Italy,2012-06-26,_8^++D+pSY,2014-07-29 22:43:07
7659,Scott Scott,kcook@example.net,Serious address bed.,3144 Martin Lights,Michaelton,Alaska,Nepal,2006-12-18,!mwBtRYU&2,1981-08-10 00:21:36
6144,Toni Reese,morenoryan@example.net,Or as one space make federal.,995 Ryan Station,Hughesport,North Carolina,Sao Tome and Principe,1993-04-03,!+%fJvfO0M,2005-01-28 06:25:39
7360,Kimberly Davis,brandonmckee@example.com,Dark difference oil open.,177 Kramer Views Apt. 461,North Robertmouth,Oregon,Vietnam,1999-07-28,3oi+%D4P_h,2018-02-21 00:31:15
2719,Matthew Williams,newmancory@example.org,Wide budget wear well.,77281 Alexis Crossing Apt. 253,Lake Luke,Ohio,Honduras,1979-03-05,s*_7*hKk4&,1978-04-08 21:35:45
4628,Sierra Jenkins,alexander22@example.org,Fact question money address check black.,158 Santana Fields,West Jeremystad,New Jersey,Congo,1985-05-06,cW#9CFsWpd,1987-04-16 19:22:27
8998,Deborah Thompson,amyramirez@example.org,Size high carry allow somebody.,1186 Buchanan Road,Lake Andrew,Colorado,Qatar,1974-01-12,lN@5JpYm^i,1985-11-22 14:47:46
4829,Tony Smith,kevinlewis@example.com,Civil really campaign.,40317 Stewart Point Suite 813,Lake Pamela,Georgia,Marshall Islands,1990-11-20,p0u6Y&Fp%1,1992-02-10 19:13:03
2774,Ellen Cochran,comptonnicholas@example.org,Herself fine investment raise gun follow.,262 Perez Village,Port Anthony,Maine,Netherlands Antilles,2000-10-23,$%(3jfauEE,1993-09-13 06:11:28
3917,Gina Dixon,thomas38@example.net,Me land country computer sort.,0530 Monica Loaf,West Jenniferside,Connecticut,Macao,1974-09-01,b+5I6CayLZ,1971-08-29 00:55:55
9136,Joseph Griffin,tjuarez@example.org,Fact current even body bad better.,1155 Patel Stream Apt. 290,Lynchbury,Pennsylvania,New Caledonia,1979-01-01,E@8AJk02Mp,1970-12-15 12:49:48
3160,Amanda Jones,lortega@example.org,Environment second treat here natural its.,420 Young Junction,East Mary,Wyoming,Cuba,2018-01-07,$9rJ3)ViUV,2002-03-22 09:18:02
6748,Isaiah Randolph,gregory79@example.org,Cover never word avoid visit.,923 Tina Lane Suite 084,New Patrickchester,Arizona,Antigua and Barbuda,2009-05-24,t(ik8GwoCS,2021-12-31 15:15:49
5942,Lauren Clark,qhamilton@example.org,Would agency song politics detail.,25522 Farmer Forges Apt. 728,Reesemouth,Arizona,Senegal,2016-12-14,$hPJ%gpz*4,1992-01-10 02:47:59
7932,Michelle Li,brianna22@example.com,Mention answer west reach hard attorney learn.,7907 Audrey Port,Chadtown,New Jersey,Kenya,2001-12-14,*3Qzn%)ns%,2015-12-20 13:02:41
7461,Gina Li,brian28@example.org,Take responsibility likely push third song.,2963 Robert Ways Apt. 308,Bookerbury,Arkansas,Slovenia,1972-12-11,s#8fQGx6_^,2015-02-03 03:06:06
4181,Patrick Whitaker,james97@example.org,No growth space forget forward.,009 Derek Keys Apt. 494,North Alan,Colorado,Serbia,2016-09-11,I#8HcXh(BQ,1988-11-30 08:41:18
351,Brandon Garcia,garnerpatrick@example.com,Organization take service benefit book mouth ground.,2369 Kathleen Meadow Apt. 175,Ryanmouth,Maryland,Palestinian Territory,2006-02-13,89+c@^XtU!,1980-05-22 15:12:04
5233,Chelsea Williams,dana05@example.com,Manager company happy water.,936 Gabriel Roads,Port Frankland,New Hampshire,Somalia,2006-04-18,_u)9)BsjYz,1981-02-12 19:52:23
4808,Molly Solis,christine90@example.org,Develop size through however evening ask compare.,37501 Lane Island Suite 733,North Cynthia,Oklahoma,Angola,1977-02-03,&1Gb1tnJ&#,2003-12-17 20:13:31
9257,Joan Ramos,hriggs@example.net,Sort compare down drug this perhaps central wear.,60367 Bailey Stream,Bairdhaven,Wisconsin,Sudan,1987-12-05,%GN4CxMaIu,2023-09-13 21:41:58
979,Sean Pruitt,fletcherjoshua@example.com,Else wait single too.,2680 Stacey Throughway Apt. 899,Tammyland,Montana,Mongolia,2011-08-08,yY$05VAm#@,2005-08-05 13:06:21
3555,Carl Smith,garciacrystal@example.com,Vote prepare look operation anyone suffer along there.,276 Garcia Lake,North Alejandra,Kentucky,Chile,1970-05-24,TMy$k9Qu(J,1982-12-15 12:45:10
5198,Thomas Ayers,meganstokes@example.org,Day war buy floor door stuff animal.,586 Elizabeth Lake Apt. 445,Rodriguezport,Massachusetts,Colombia,2005-10-05,NFMYyG0a+2,1978-06-07 00:47:41
3573,Melinda Mccann,jamesperry@example.net,Against cost clear student use share.,910 Teresa River Suite 621,Josemouth,Indiana,Myanmar,2023-02-18,+H&$a1Lvg$,1985-11-05 15:18:21
7428,Brent Wood,ybridges@example.org,Mrs institution wrong end security understand majority.,7771 John Island,Port Sherribury,Iowa,Kuwait,2011-11-12,a4hh3ZBj%O,1989-07-02 00:28:16
3774,Holly Miller,gwinters@example.com,Director major nature many behavior.,7403 Murphy Ranch Apt. 004,West Troy,Utah,Togo,2014-08-08,lj#6J42IT^,1980-10-19 07:55:05
2572,Julie Hernandez,francisco82@example.net,International continue parent group choose focus.,4722 Angela Ramp Apt. 637,East Ricardobury,Kentucky,Dominican Republic,2001-08-20,z1ISEtvj#O,2010-12-31 16:53:20
7671,Jeffrey Diaz,jessicaalexander@example.net,Clearly prove such project physical as close establish.,1945 Daniel Passage,Port Karibury,Hawaii,Kiribati,1984-02-24,DT7xgurs!%,2015-07-09 17:29:13
4418,Shannon Boyd,webbtonya@example.org,Unit check activity fine.,23951 Foster Harbor Suite 510,North Danielle,New Hampshire,Mexico,1971-05-11,lnQU+n2Z#7,2011-02-17 07:02:52
4623,Maxwell Pierce,carrolljames@example.org,Clear fish couple.,7100 Patton Crossing,East Philipstad,California,Holy See (Vatican City State),1982-03-01,@9!0Fk8qA0,1975-07-23 01:32:50
7898,Nancy Williams,robertturner@example.org,Let particular last general.,222 Rebecca Manor,North Johnville,Vermont,Denmark,2018-07-07,@lGr@jotX3,2018-04-15 06:17:15
3547,Patrick Reilly,lindamcdonald@example.net,Improve research look girl rich.,98989 Walsh Turnpike,North Abigail,Delaware,Grenada,2015-04-11,aWS)18Fkd7,1980-08-09 07:02:11
3997,Norman Thomas,garciawilliam@example.org,Despite poor start race nor.,8900 Smith Haven,Hunterport,Missouri,Canada,2003-02-12,Gh9NNGjcj+,1995-12-16 23:55:27
1792,Jessica Hanson,rodriguezcheryl@example.org,Want movement chance it coach.,721 Jessica Field,Lake Richard,Delaware,Pakistan,2020-06-06,+5$)REpzF(,1980-02-07 15:01:04
8851,Lisa Hamilton,uhernandez@example.net,Man improve economy key answer.,1238 Davis Plain Apt. 238,Lake Nathanielmouth,West Virginia,Seychelles,1987-10-21,!V5(MxaM@k,2006-07-03 03:51:23
351,Tiffany Ball,diane93@example.org,Notice these story technology.,1884 Atkinson Ports Apt. 596,North Timothyport,Michigan,Lebanon,1989-02-03,Oi%3KFdob0,1986-08-31 06:53:47
1020,Beth Price,hollowaytravis@example.com,Evening put everybody step.,79142 Caleb Crossing,North Jesus,Wyoming,Latvia,1978-12-16,&mZ2MXXr6j,1982-06-28 07:54:50
3365,Miss Kimberly Coleman,hnguyen@example.org,Customer character team discussion increase sit.,30407 Stewart Parkways Apt. 002,Lopezfort,New Jersey,Lithuania,2001-03-11,^2LMi2(tG5,2016-03-01 08:11:59
8676,Elizabeth Romero,kennedyrobert@example.net,Say political number bit hundred respond together throughout.,459 Michael Port,Benjaminberg,Oklahoma,Oman,1980-10-31,1bH&rFeF&L,1997-08-15 19:52:40
5182,Samuel Hanson,gonzalescharles@example.com,Let side ten run serious break simply certainly.,66203 Ellis Mills,North Matthew,Alaska,Cuba,2008-11-04,O5GsaB@#*Y,2019-03-20 04:37:43
8606,Nicole Olsen,christinaunderwood@example.org,Enjoy bad measure.,6779 Mitchell Dale Suite 432,Campbellhaven,Alaska,Saint Pierre and Miquelon,1981-08-06,UaDkz@K2&5,1996-09-11 13:28:38
4632,Matthew Brown,kgarza@example.net,Unit third leave onto area now.,543 Joseph Knoll,Salazarton,New York,Seychelles,2010-12-26,^RBu5E0hkC,1977-07-10 15:06:59
311,Amber Yates,sophiaward@example.net,Wide reason money sell require think imagine himself.,6354 Michelle Greens Suite 349,South Carmentown,New Mexico,Yemen,1976-03-04,9y0FlJeH)!,2010-08-15 14:09:30
2510,Cheryl West,melissagarrett@example.net,From discussion past cost item.,1212 Holly Overpass,West Vanessafurt,North Carolina,Lithuania,1979-12-12,9&20W8EZei,1985-05-08 01:52:04
6358,Austin Lawrence,joanna26@example.org,Skin cover look nice include building guy send.,178 Brian Well Apt. 142,South Samanthaton,Delaware,Jamaica,2012-06-28,q_OmUQTo%8,1979-02-09 17:13:16
225,Kelsey Smith,mark72@example.com,But hope mouth factor.,47546 Brittany Circles Apt. 654,Lake Heather,Georgia,Australia,2008-07-27,ZM5AsE%A!x,1999-06-15 17:23:16
6597,Heather Cline,ypreston@example.org,Young man care lawyer easy follow.,2575 Weiss Stravenue,Lake Christopher,Idaho,Chad,1985-02-01,)^Bo6CQr@1,2011-01-28 17:09:29
7172,Michael Wade,martinezcheyenne@example.org,Good yard kind also service cost trial.,376 Reid Prairie,Port Austin,Michigan,Argentina,2001-01-20,n3w*Ys8h#1,2016-05-29 01:49:38
3015,Christopher Martinez,andrea72@example.net,Into consider participant million how compare since kitchen.,84248 Claire Spurs Suite 426,South Jessicaside,Tennessee,Holy See (Vatican City State),1975-02-09,x&*o3QnO^3,1970-03-30 22:52:58
3458,Joseph Moss,aprilwright@example.net,Couple huge receive student north sure art can.,255 Laura Path,Jenkinsland,West Virginia,Bulgaria,1981-03-13,Pi&6Sn1kZL,2008-12-19 05:44:58
1015,William Leblanc,josephhuerta@example.com,Part summer garden support TV during amount.,24031 Greer Fields,West Martinberg,Oklahoma,United States Minor Outlying Islands,2008-09-10,T2Y49CkX@I,1985-09-21 20:38:23
7731,Mitchell Maynard,robintaylor@example.net,Itself later position management station.,785 Allen Mission Suite 437,Parkerton,Maine,Lithuania,1983-08-07,G*Q5SAuuch,1971-12-30 17:15:32
1728,Peter Mcdaniel,arosario@example.com,Myself think political unit break.,114 Thompson Mountains Suite 382,Lake Bryan,Connecticut,Brazil,1985-12-29,)_76tKp65A,1985-12-30 12:59:20
4758,Kristy Mcdaniel,carolallen@example.net,Necessary teacher idea cut grow only.,222 Arnold Divide,East Justin,Pennsylvania,Syrian Arab Republic,1975-11-22,1h1Ns6yM(%,2008-03-20 16:36:28
3004,Cynthia Wilson,lynnsandra@example.com,Sing organization indeed deal.,13525 Drake Knoll Apt. 789,South Aprilhaven,Mississippi,Ethiopia,1993-08-24,_H+%1IIo_x,2011-12-19 07:48:54
5916,Michelle Duncan,michellehill@example.org,Camera player difficult PM worker work hundred.,094 Duffy Islands,West Maryberg,Hawaii,Saint Helena,1983-06-21,s6H0E*o5s$,1990-02-15 18:18:09
5254,Michael Hicks,timothy01@example.net,Herself discover prevent wish turn.,8494 Higgins Parks Suite 017,Tonyfurt,Utah,Malawi,1990-10-03,W(1*Souv+i,1986-12-11 12:47:09
3073,Darius Robinson,myersrachel@example.com,Take never tree career popular pass.,44298 Meredith Points Suite 978,Harrisonberg,New Mexico,Reunion,1984-10-18,ePXK(ia7$4,1979-10-28 10:51:16
908,Daniel Johnson,seanclark@example.com,This page official consider television type.,1512 Donald Alley Apt. 341,Amandastad,Virginia,Angola,1992-12-22,Y+VI50pX#S,2020-08-20 04:07:56
7458,Johnny Lewis,tylerdrake@example.org,Family soldier bill produce issue.,45288 Jerry Parkway,Robertfurt,Idaho,Jersey,2021-10-07,@6%jBXvn2L,2022-08-16 05:23:18
6932,Stanley Romero,xcox@example.net,Market yet project free data head community.,8856 Lisa Isle,South Kathrynton,Idaho,Sudan,1983-07-02,)XRT0DgbSX,1981-09-27 16:37:05
5172,Stacey Hunter,thomaspaul@example.org,Just rise for young occur magazine.,075 Anthony Mountain Apt. 645,Staffordhaven,Texas,Rwanda,2008-06-22,m064BPLfW&,2021-11-12 17:45:44
2829,Mr. Samuel Montgomery MD,olittle@example.org,Area anything structure.,77294 Dawn Square Apt. 970,Lake Daltonport,Montana,Eritrea,1971-04-12,H8GMGcBv@@,2011-06-26 20:00:48
3760,Gary Hogan,jennifer90@example.com,Shake worker skin nor teacher word.,49005 Li Corner,North Deborah,Louisiana,Gambia,2008-08-15,E1AdXxOG#M,1980-05-06 20:47:46
7458,Kenneth Ward,sherry52@example.net,Bank stage partner.,43042 Sandy Manors,Lake Johnstad,Texas,Bahrain,2011-07-01,2%KWOpr($&,2011-07-21 21:33:59
9635,Heather Fox,lmccormick@example.com,Glass crime lead develop.,525 Samantha Alley,Kurtshire,Nebraska,Lithuania,2011-09-08,(m3*5CNi!d,1971-05-01 20:09:47
1088,Samantha Munoz,jbrown@example.com,Possible its knowledge.,82464 Davidson Common,North Jessica,Maine,Algeria,2016-04-04,wq3Rj$j#*p,1974-09-02 19:00:04
9167,Zachary Horton,williamswhitney@example.com,Still share group value cup tend.,85665 Mann Terrace Apt. 588,North Katelyntown,Oregon,Guam,1998-10-04,*^QKbREk&5,1992-03-26 10:44:22
9601,Kelly Watson,tarawilliams@example.net,Federal federal quite next.,519 Miller Street,North Yvonne,Nevada,Christmas Island,1993-02-23,_8@Fhz$DuH,2003-02-25 22:40:27
2786,Norman Bowman,erin38@example.net,Price Mrs red.,98510 Norman Shore,Mooreland,California,Madagascar,1970-11-20,)6M0cxs%9Q,2021-07-22 19:47:12
7519,Jeremiah Conley,taylorconrad@example.com,Contain also over time project.,33075 Webb Ranch,Kristinshire,Nebraska,Vanuatu,2008-08-08,Ie^4!Hw1G3,2020-01-18 19:54:53
377,Brittany Wagner,mariahmiller@example.com,Agree street suffer give decide maintain.,1633 Nelson View,Port Angelicaburgh,Illinois,Cook Islands,2002-04-24,*7yQ2BmB2n,1996-08-14 12:09:19
1366,David Tran,ysoto@example.org,Sure former unit road.,5693 Johnson Place Suite 932,Lake Adamchester,Georgia,Djibouti,2013-09-19,m4ISN3tz$h,1988-08-28 11:08:49
7538,Samuel Turner,alexander48@example.com,Eye field visit kind.,9175 Woods Via Apt. 113,Elizabethborough,Hawaii,Comoros,1972-09-22,#pG6AV0z2o,2014-06-08 00:22:46
2209,Nancy Ross,istevens@example.net,Important include note three public personal because.,35867 Larry Expressway,West Gina,North Carolina,Cook Islands,1992-01-17,TIKB7Lql^1,2020-06-13 23:25:06
7076,Christopher Christensen,rbridges@example.org,Part doctor total decision back yeah night.,179 Brown Fall,Wileyville,Maryland,Kazakhstan,1974-12-14,7JAoXPuF_4,1995-11-17 22:29:36
3588,Joshua Harvey,moniquemorris@example.net,Than movie program art dog.,8425 Amanda Common Apt. 033,Mullinsberg,Florida,Oman,1980-01-16,$W2Cb$ar3j,1994-08-01 09:03:22
8990,Andrew Blake,banderson@example.net,Receive pull interesting store table sometimes six tell.,95939 Anderson Estate Suite 953,Lake Kristen,Nebraska,Uruguay,2001-01-11,vT#52SXmZ#,2005-10-14 19:08:20
4595,Barry Singleton,jose05@example.org,Ask poor two support will.,607 Hanson Highway Apt. 201,Markfurt,Washington,Brunei Darussalam,1982-09-04,+bq#mRoD36,2005-10-03 12:33:30
4493,Spencer Clark,aliciagray@example.com,Mouth return station he stop father.,8084 Mary Fields Suite 485,Hendricksland,Indiana,Belgium,2022-10-26,+)2eVRAm0$,1986-05-07 06:23:16
9969,John Wells,jeffrey52@example.org,Half thing pay green anything.,88317 Jerry Locks,Port Williammouth,Colorado,Kuwait,1987-02-25,TCb!9E!fU),1981-08-17 09:04:04
7637,Paul Ashley,zburns@example.org,Expert old relationship center tax yet should pull.,016 Young Expressway,East Bethhaven,Illinois,Lao People's Democratic Republic,1987-07-21,wA@9vJSni%,1971-07-03 14:07:48
2363,Courtney Schaefer,mitchellscott@example.com,Join beyond affect prove.,54112 Jacob Street Suite 283,Michaelville,Nebraska,Uruguay,2001-01-05,y!7Nngdi_B,2005-10-06 06:22:49
562,Charles Garza,richard90@example.org,All same course half store tend anyone.,68746 Johnson Field,South Rachel,Virginia,Morocco,1971-01-16,#5EjbHzsqB,2012-12-07 23:47:22
7683,Brian Clark DVM,hilllinda@example.net,Poor game government speak everyone but.,93971 Coleman Throughway,New Jeffreyfurt,Maine,Holy See (Vatican City State),2001-08-26,m$N3MbsE#_,2021-03-18 10:06:03
6728,Linda Anderson,myersharry@example.net,Road show once wait.,8719 Jenkins Mill Apt. 314,Taylorside,Oregon,United Kingdom,2013-03-13,n3859SGC!s,2011-09-02 18:22:25
8559,Ronnie Rodriguez,curtisbarbara@example.com,First each space serious share.,91329 Rogers Key Apt. 240,West Tammy,Louisiana,Serbia,2023-09-18,J4&Tio@L@!,1980-03-14 22:24:46
7005,Matthew Berry,josephcarson@example.net,Boy during medical religious letter those new.,2594 Alison Brook Suite 808,South Kathryn,Maryland,French Polynesia,1980-06-02,F^s%UraH)5,2001-10-12 03:27:02
9593,Alyssa Stephens,leekimberly@example.com,Home great their something add war course one.,4570 Alvarado Gateway Apt. 014,Meadowsfurt,New Mexico,Marshall Islands,2016-10-17,@7AS%C_kKI,1988-05-20 22:34:32
5678,Jason Watson,vnorris@example.org,Let somebody big watch floor.,3452 Brewer Canyon Suite 724,Geraldberg,Delaware,Australia,2001-12-09,$wZ!&ece_9,2010-08-09 01:51:55
3438,Michelle Valdez,christopher93@example.org,Big serious others really example tonight.,94948 Michael Parkway,Port Kristinstad,Kansas,Azerbaijan,1983-10-07,&)6uYuCiQt,2005-02-17 15:47:21
3236,Matthew Zimmerman PhD,robertsanchez@example.net,Area wish usually rich.,8011 Noble Roads Apt. 044,Jacobbury,Illinois,American Samoa,1999-09-05,$b8Mn0eE&+,1973-07-21 12:50:28
4737,Michele Williams,davistiffany@example.org,Anything something project chair hand center upon.,89519 Guerra Creek,Williamville,Colorado,Niger,1995-09-04,*XDm%GBx29,2018-02-19 00:40:24
7822,Devin Gutierrez,vanessa21@example.org,Response threat man decade guess voice.,17492 Jeffrey Plain,West Deanborough,California,Martinique,2019-04-01,bL94$7Hm50,1972-06-08 09:00:54
4561,Catherine Juarez,robertscourtney@example.org,Hundred base book talk herself sure.,972 Newman Prairie Suite 166,New Stephanie,Colorado,Cape Verde,2002-08-15,40uSAIsS(O,2001-05-04 18:49:18
6914,Joshua Camacho,qvasquez@example.org,City experience free woman what purpose purpose open.,5469 Lori Inlet,New Miguel,Tennessee,Svalbard & Jan Mayen Islands,2014-11-17,Ra8#3A4o@c,2009-04-27 15:49:00
95,Mallory Welch,amybass@example.com,Assume region since thank hard increase many.,9079 Benjamin Forks Suite 004,Port Andrewmouth,Illinois,Japan,2015-01-13,#ZW9AMHb@!,1996-07-15 03:30:50
1194,Ann Norman,erin25@example.com,Turn war probably institution concern game happy many.,6804 Hill Ville,Amyview,Maine,Croatia,1988-02-24,++69Zp*CY9,2018-03-26 09:02:19
6913,Dwayne Nelson,walterschris@example.org,Quickly reduce before herself yard capital around.,9592 David Path Suite 964,West Theresa,Mississippi,Poland,2018-06-17,U1JXouw^+%,2017-06-11 08:12:26
1232,Michael Smith,larry33@example.org,Then evening imagine account Democrat north study something.,381 Roberson Row,Susanshire,Massachusetts,Peru,1990-09-03,*UQe#zIr88,2008-06-10 18:07:17
9960,David Massey,drew88@example.com,Popular race cover generation.,93812 Wall Harbors Suite 900,Brennanville,Mississippi,Luxembourg,1985-08-27,P72ViuSs!s,2015-09-06 11:18:26
6585,Lisa Roberson,william21@example.com,Story heart language marriage make.,334 George Tunnel,South Matthew,Colorado,Marshall Islands,1970-10-03,udKBas&B%5,1998-04-01 15:25:45
7662,Sydney Phillips,lisaparks@example.com,Provide news southern career structure truth against.,496 Michael Prairie Apt. 227,South Karen,Hawaii,Brunei Darussalam,2011-06-27,+3vbQtGo@1,1980-07-04 04:40:49
4725,Valerie Harris,eric86@example.net,Mrs director offer civil.,2741 Hernandez Villages Suite 433,Danielmouth,Idaho,Bulgaria,2015-08-27,(Q0Tb3pM4M,1980-01-11 17:55:30
3144,Joseph Wells,rodriguezashley@example.org,Sign international figure figure send.,1874 Sandra Via,Annatown,Indiana,Malta,2011-08-24,)M)Q%vvi82,1971-05-22 11:27:47
3458,Jeffery Stanley,patelrobert@example.net,Everyone walk yard write fight time.,05987 Gerald Stravenue,East James,Arizona,Gambia,1971-05-21,#)BwoO!@91,2014-07-01 05:57:56
4076,Cindy Johnson,rittercharles@example.com,Account my travel pay.,026 Malone Locks,Shepardhaven,Wisconsin,Bermuda,1972-04-16,2Hg4M_rff_,2022-10-23 00:33:39
371,Andrew Gross,nkim@example.net,Data whatever three difficult suggest manager administration.,674 Fisher Ferry,Martinezside,South Dakota,Antarctica (the territory South of 60 deg S),1981-07-24,sY5dE)Lsz+,2013-11-02 03:53:42
7074,Nicholas Sampson,petersonerin@example.net,View director wonder toward treatment send cover.,4888 Eugene Oval,Lake Carlafort,New York,Cayman Islands,1989-09-11,_%f5Se$o+7,2007-04-16 23:18:33
1438,Kelly Murray,tyler38@example.com,Language skill size author cost reason space.,89654 Smith Expressway Suite 333,Lake Andrewfurt,Connecticut,Libyan Arab Jamahiriya,2017-07-27,)EkfaAs+u3,1980-12-03 06:17:46
614,Destiny Taylor,athompson@example.com,Rule American exactly consider.,611 Jack Grove,Hopkinston,Georgia,Israel,2000-01-06,#c#lBs%6_2,1978-04-22 19:20:21
189,Amy Johnson,jameswilson@example.org,Nation cultural staff lot.,5044 Amanda Passage Apt. 716,Goodwinmouth,Colorado,Saint Pierre and Miquelon,2000-04-07,O5!4_Ld0b*,2023-09-24 12:04:47
9364,David Cervantes,osutton@example.org,Politics form land pretty.,1249 Kelly Landing,Sarahport,Massachusetts,Macao,2016-10-03,#y2HSqfiq_,2022-11-15 07:39:43
87,Valerie Garcia,nicolechambers@example.org,Respond upon federal alone program important season.,281 Combs Fort,New Michaelport,California,Eritrea,2002-08-21,E)11l0DlO8,1976-10-30 05:19:27
341,Monique Johnston,twilson@example.net,Prevent somebody goal action.,034 Deanna Walk,Bradleystad,Wisconsin,Romania,1976-10-13,*dyrX8WuT#,2015-12-24 06:19:02
6149,Kim Palmer,arthuravila@example.org,Pass join fire behavior conference human.,716 Clayton Parks,Bruceside,Maine,Heard Island and McDonald Islands,1983-07-19,Ll1C%OCsd_,2003-12-01 11:21:27
3825,Thomas Rich,denisepreston@example.com,Play social when trial sign.,79502 Curtis Keys,West Tanner,Mississippi,Ukraine,1990-11-06,TN7ZF&uVC&,2013-04-11 00:11:59
5984,John Oliver,nwhite@example.org,Best tree night police little system.,737 Debra Place,Sandrafurt,Oklahoma,French Polynesia,1972-08-08,1iDP%f2t_D,2002-12-29 05:47:49
593,Marc Buchanan,nicholas27@example.com,Main seat nature edge reality exist.,4811 Mary Greens,Lake John,Michigan,Anguilla,2016-10-17,&9a1Xe*t_j,1999-02-09 23:08:59
2121,Tony Short,xdiaz@example.org,Late economic anyone quickly hold but enough against.,4564 Bautista Fords,East Jeffrey,Michigan,Ireland,1993-07-12,!^3CJingsf,1995-01-23 09:56:51
6180,Patricia Bailey,zimmermansharon@example.org,Detail another piece white hold key he experience.,74238 Miller Burg Apt. 320,Port Juanbury,Vermont,Kuwait,1992-09-02,4TTlcxLc&5,2003-10-28 18:55:14
5780,Elizabeth Barnes MD,joneszachary@example.com,Defense president she travel time capital.,73942 Mary Alley,Lake Linda,South Dakota,Nicaragua,2016-01-10,&ZLmY4snh6,2022-10-13 04:23:49
8681,Laura Crawford DDS,ahinton@example.com,Doctor major side recognize cultural officer apply human.,9332 Ebony Underpass Suite 947,South Richardfort,Nebraska,Dominica,2017-04-24,3edEmLt&&y,1983-07-23 13:04:10
7781,Andrew Smith,valexander@example.net,Big hit hundred message six expect PM size.,50044 Andrew Ford,Lake Amanda,Massachusetts,Jersey,2017-08-12,#3ENoR$O!h,1988-04-27 15:11:29
2922,Christina Keith,ograves@example.org,Commercial pass last respond.,4894 Meagan Coves,Bakermouth,Minnesota,Guinea-Bissau,2010-11-08,C$7)Tqx(*Z,1980-01-13 17:10:36
7175,Billy Perez,imartinez@example.org,End little level treatment perform small serve window.,541 Byrd Inlet,Warnerbury,California,Macao,1991-01-27,*j2IwgW&x%,2005-02-09 06:32:27
4106,Amanda Camacho,taylormoran@example.org,Along vote leg important investment area concern suggest.,417 Anthony Landing,South Jerryfort,Wyoming,British Virgin Islands,1993-11-06,%RgAV_g%u8,1998-12-12 01:18:10
4975,Christopher Lawson,williamswilliam@example.org,Reduce off Mr yes to over give.,998 Donna Junctions Suite 406,New Rachel,South Dakota,United States Minor Outlying Islands,1987-08-20,GeW3Xnpa$L,1975-02-20 17:16:37
9908,Laura Thomas,coxpatricia@example.net,Husband manage agent today option various.,140 Curtis Stravenue,Port Denniston,West Virginia,Equatorial Guinea,1989-05-05,HE!6fD5hnX,1997-09-05 04:24:07
4847,Robert Graham,kjones@example.org,Improve media structure leg international less off.,283 Barton Court Apt. 588,Robbinsville,Arkansas,Gibraltar,1972-11-22,tJ!o41Zsi9,1975-10-28 13:16:15
3939,Morgan Hart,deborahmaddox@example.com,Mention care inside room.,931 Maria Overpass,North Carolyn,Arkansas,Kazakhstan,1984-02-01,1ndFa@i3*L,2016-12-26 11:46:48
8626,Anthony Howard,ramirezamanda@example.com,Case education act international.,975 Klein Rest Apt. 889,South Calvinmouth,Pennsylvania,Congo,1972-10-04,mSc8HTtZF(,1983-08-05 16:29:02
5418,Juan Cook,dylan47@example.com,Among later share win population identify east benefit.,09872 Daniels Creek Suite 247,Daisymouth,New Jersey,British Indian Ocean Territory (Chagos Archipelago),1975-05-11,i&YG0Z0kQ6,1981-06-11 02:36:19
5163,William Davis,richardclark@example.com,Major treat data choose behind have wide.,3685 Schultz Port Apt. 417,New Melissa,California,Isle of Man,1992-06-27,%80W4w&kR5,2022-10-15 02:25:33
5793,Linda Garcia,colerichard@example.net,Forward his rule prevent.,0007 Rogers Hills Suite 032,Thompsonborough,Montana,French Polynesia,1983-02-12,*y_PciOHx0,1981-06-18 10:58:45
7620,Lauren Murray,traviscarlson@example.net,Fight indicate dog born board since difference.,70112 Brennan Gateway,Millermouth,Oklahoma,Syrian Arab Republic,2009-05-23,SqR6SB1$^#,1974-02-20 23:12:05
3352,Maria Miller,patrickwilson@example.org,High edge rather whether majority.,755 Troy Pass Apt. 469,Turnertown,Missouri,Thailand,1988-07-04,T4DYvtpK*2,2001-12-31 13:19:51
2241,Emily Miller,cantrelljames@example.org,Song same bring tonight foreign moment.,602 Williams Overpass,Lake Richardmouth,California,Lithuania,1993-08-11,694Rs*Zr_f,1986-01-10 01:45:02
311,Jill Graham,sarashaw@example.com,Music work Mrs.,3398 Christina Ville Suite 270,East Briantown,Wyoming,Japan,1989-10-27,(HNpc#wJJ4,1997-04-26 23:41:03
2368,Jean Jones,smithjoshua@example.org,Growth always create.,9096 Rebecca Circle Suite 980,East Brittanybury,West Virginia,Comoros,1974-03-12,Abx5fFKSx%,2000-10-28 16:11:08
1299,James Stevenson,benjaminhicks@example.org,Go drug say.,7211 Adriana Fords,Lake Michael,Connecticut,Tanzania,2009-04-01,U*Y7RMV%Az,1975-09-20 15:21:47
4563,Shane Flynn,ovalentine@example.com,Prove identify great line.,07489 Herman Orchard,East Warrenville,Nebraska,Argentina,1996-12-24,*7F_(qFeQn,2013-08-17 23:47:44
466,Brian Swanson,humphreyjuan@example.com,Season response describe require.,7205 Robert Islands Apt. 592,Marilynburgh,Hawaii,Tokelau,2017-03-14,t*9Sw5JiM%,1994-03-10 16:00:04
2613,Randall Brown,pricekeith@example.net,Than region budget long north politics clear.,6757 Todd Roads Apt. 992,South Marialand,Georgia,French Polynesia,1981-01-31,85UlXOyp+^,1998-05-19 12:17:35
9459,Lisa Gomez,usantos@example.net,Support anyone fall skin dark.,0237 Laura Corners,Madisonfurt,Mississippi,Montserrat,2010-01-21,+H5z2Wr+I6,2014-12-01 15:43:22
8815,Dana Ramirez,mcmahonrhonda@example.com,Only game leave difficult.,938 Jamie Viaduct,West Sarahfurt,South Carolina,Turks and Caicos Islands,2021-04-20,7rLrD6TG^3,1977-10-24 04:45:38
9299,Tara Hawkins,iadams@example.net,Federal energy magazine often take memory spend.,9951 Matthew Mission Apt. 916,Joshuaview,Delaware,Italy,1990-11-14,*tDPYNeAo6,1982-12-08 01:11:11
9686,Russell Johnson,michelle03@example.net,Radio matter gun arrive page partner.,5333 Powell Turnpike Suite 567,Johntown,Wyoming,Argentina,1998-04-08,b4#4Mz9o48,1984-12-15 22:54:31
3313,Mr. Travis Dixon,franklinsean@example.net,Make visit list under stand skin truth.,52287 Rodriguez Turnpike,Pageburgh,Montana,Austria,1990-01-02,@0UGELB^cD,1976-08-24 09:28:11
6643,Amanda Powell,tylerdavis@example.net,These popular eat down to thing red.,86268 Nicholas Ford,North Devinton,Georgia,Germany,1990-12-25,)8IRuH^a$v,2008-01-27 14:41:11
9518,Wendy Everett,davidmelendez@example.com,Fall theory have large mean rest remember industry.,7229 Andrew Stream Suite 969,North Mark,Kentucky,Reunion,2023-02-24,z%53LR*esa,2017-03-28 13:25:37
657,Jennifer Finley,lrogers@example.org,Conference exist turn computer method physical.,350 Gene Pines Suite 091,Prattmouth,New Mexico,Maldives,2007-10-18,r^6H&jeriy,2011-02-20 14:27:30
9960,Jason Cook,priceelizabeth@example.com,Important lot business summer.,37073 Hunter Cove,Knoxfort,Rhode Island,Congo,2008-12-02,#I07FaoVL6,2009-12-30 22:02:27
2933,Donna Mcgrath,bullockbruce@example.org,Institution organization which work.,0601 Boyd Lake Apt. 225,Hodgeport,Oklahoma,Marshall Islands,1995-12-17,+WXG0DUh48,1990-10-13 08:45:18
7030,Brandon Guzman,paulahurst@example.org,Traditional campaign among off sport.,7922 Perez Causeway Suite 244,Port Philipland,Wyoming,South Africa,1977-05-12,zR32Ixtf#J,2008-06-23 23:04:39
1524,Jared Boyd,timothyweber@example.org,Send top hard weight.,8747 Copeland Court,Gonzalezside,California,Thailand,2001-06-15,ZV1)rVwCg#,1979-09-25 18:48:03
2525,Roberta Harrison,xreynolds@example.com,Today represent grow admit front.,0293 Scott Knolls,New Bonnie,Kansas,Nepal,1986-12-14,5nLHhU#z*h,1988-04-12 22:07:58
6921,Christy Williams,bhurley@example.net,Hand follow run bad her notice garden.,106 Jessica Shores,South Justinstad,North Carolina,Andorra,1988-09-25,W)t05Dfvl+,1985-01-28 22:00:50
414,Henry West,robertwebb@example.net,City soon live cultural president development trade.,595 Greg Haven Apt. 390,Sethchester,North Dakota,Moldova,2021-12-29,FCa9JqNQ!D,2005-12-02 22:07:31
7060,Corey Lawson,stephaniefrederick@example.com,Analysis treatment total.,9151 Regina Passage,Williamstad,North Carolina,Seychelles,2015-10-08,S+31(JwoY9,1974-09-17 08:52:11
2705,Gabrielle Hill,clarketammy@example.com,Help lay cultural talk ground.,5821 Clements Cape,South Nicholas,Tennessee,Nicaragua,1986-12-18,Qk6&8Rlo)b,1980-05-04 11:15:08
374,Wesley Brown,stacy26@example.net,Over specific leg a themselves argue situation.,77613 Meagan Course,New Williamview,Delaware,Suriname,1984-01-04,uz32Q%BM_^,1979-12-15 15:55:23
8361,Mitchell Hahn,nataliemartinez@example.com,Leg form spring way its between around night.,04896 Wiggins Isle,South Todd,Missouri,Albania,2017-01-11,AzmiW3Tun$,1990-01-07 12:39:35
9353,Jasmine Doyle,megan37@example.com,Back pay born they push any.,741 Samantha Place Suite 946,Lake Lisa,South Carolina,Marshall Islands,2023-06-19,)ot%S9Yi(t,2001-04-25 15:59:59
9131,Christopher Strickland,williamrubio@example.net,Make medical natural government hand half yes.,9254 Melissa Meadows Apt. 751,West Cindyshire,Hawaii,Tuvalu,1971-06-01,@&2M(QLrUg,1979-03-26 19:13:47
9337,Melissa Jones,kimberlywilliams@example.net,Manage which term free generation anything I.,708 Fisher Neck,Pooletown,Arizona,Bulgaria,1992-09-24,%Q9NzOnN)t,2018-06-25 01:58:03
8630,Troy Rodriguez,catherinemanning@example.org,Officer same among break.,162 Thompson Union,West Haroldstad,New Jersey,Burkina Faso,1974-11-16,qeXnTgYj#6,1979-09-28 15:28:17
5781,Nicholas Rodriguez,yblackwell@example.org,Want house check.,255 Carter Island Suite 794,Eileenbury,Virginia,Thailand,1979-12-09,E2w8YwHIv),1997-01-22 20:58:59
6578,David Faulkner,chardy@example.com,Well can interview population letter sea now type.,3085 Gabriela Spur Apt. 570,Lake Alison,Florida,Taiwan,1991-02-19,%OC2k*tAR#,2022-04-01 07:26:23
508,Joy Brown,michael34@example.org,Moment also bag large four season friend.,43144 Williams Parkways Apt. 466,Carlosview,Nebraska,Niue,2004-10-10,)@dc9Dh_R*,1982-06-14 17:56:22
4758,John Everett,brownmary@example.net,Brother training early camera few.,472 Williams Meadows Suite 119,Stanleyton,Virginia,Saint Pierre and Miquelon,2015-03-03,l0eM&Bvi+v,2023-04-03 03:06:55
1927,Becky Moore,breanna50@example.org,Miss arrive section easy loss partner challenge.,224 Parker Trail Suite 794,West Brittany,Montana,Switzerland,1998-01-04,!D70vAHbyx,1978-03-14 00:35:50
3869,Teresa Jimenez,jordankevin@example.net,Production my follow provide.,7825 Osborne Course,Billfort,Wyoming,Saudi Arabia,2001-08-12,cn@8XgEq&N,1977-06-17 22:37:09
8774,Frank Nelson,andre49@example.org,Brother myself quality.,605 Mullen Extension Suite 162,New Tiffanymouth,Delaware,French Southern Territories,1979-04-20,eG@01GypnZ,1993-03-22 17:07:19
6689,Pamela Walker,alvaradoalex@example.net,Go step page half law if population.,095 Brandi Islands,North Ashley,Montana,Armenia,2011-09-06,@^3wIg^ea@,1979-05-01 11:19:33
3966,Christina Carter,blake80@example.org,Dark data future war.,5174 Michael Street,West Austin,Nevada,Nepal,2005-06-20,(4Q1Z%oPx(,1989-06-10 16:25:12
5169,Amy James,feliciasimmons@example.org,Finally box page simply instead day show.,68921 Graves Gateway,Middletonshire,New Jersey,Bermuda,1990-02-19,N4pl_E)y%y,2018-04-08 16:59:46
2922,Sandra Anderson,toddgarcia@example.com,Week claim force learn number time stock.,696 William Extension Suite 876,Caseymouth,Kentucky,Samoa,1995-03-04,Kh90YQRw$@,2019-03-12 09:33:22
1743,Karen Taylor,burnettashley@example.com,Firm statement of economy space.,8855 Laurie Mill,Kristenberg,Kansas,Korea,1987-04-05,I)5R*Rrxp&,2001-08-08 01:22:21
8150,Corey Hunt,debraho@example.net,Even hot consider candidate story cold inside.,8355 Elizabeth Rue Suite 245,Anthonytown,Vermont,United Kingdom,1991-07-12,7)_78HKxl*,2020-08-06 10:23:35
6794,Shelley Jennings,ywillis@example.net,Pattern player wonder whose speak consumer.,18891 Frank Lights Suite 697,Johnsonshire,North Dakota,Bosnia and Herzegovina,1986-01-25,f&2EeipfN+,1998-06-16 11:13:35
3577,Kenneth Roth,jenningstroy@example.org,Approach will music hard trouble guy simply.,2550 Fowler Heights,Sandovalport,Florida,Georgia,1988-07-23,S&9wQ&byGD,2004-06-22 18:30:51
9689,Reginald Johnson,mbrewer@example.org,Day region task me feeling.,56958 Russell Gateway,South Laurastad,Minnesota,Togo,2011-08-15,m(594Ss0bo,2008-09-13 20:49:31
5410,John Stone,jasonbutler@example.org,Key various teacher air I share capital.,65817 Gibbs Pass Suite 036,South Deborahside,Alaska,United States Virgin Islands,2001-05-03,%XC8Dlgu2c,2016-11-08 02:38:29
600,Bryan Roberts Jr.,michael08@example.com,Feeling American across simply.,03363 Fuller Pines,North Donnastad,Rhode Island,Macao,1972-06-23,oSj0++Tf(4,1997-09-26 13:01:40
3089,Jill Harding,robertdiaz@example.net,Stand baby forward leader participant box character.,20971 Castro Falls,North Selenafort,West Virginia,Faroe Islands,1971-09-29,+GhkYg3J13,2022-08-08 11:12:33
6249,Frederick Wise,qturner@example.org,Peace continue positive guy tough radio will.,63359 Emily View,Watsonside,New York,Slovenia,1975-05-20,&4%6E4^g5m,2001-01-10 05:50:52
281,Jessica Carter,patriciahernandez@example.net,Subject animal one reality.,489 Scott Club Apt. 299,East Janicestad,Tennessee,Saint Vincent and the Grenadines,1989-11-11,1dQKCyuo^6,1986-12-01 13:30:44
4310,Mrs. Amanda Taylor,amandachandler@example.com,Mission notice simple lot.,607 Castro Turnpike,Harthaven,Louisiana,Montenegro,1994-02-14,uZ8CDUxi_R,2002-07-01 06:07:55
1087,David Lester,barnesmark@example.org,Central bill risk trade enjoy anyone some.,921 Andrew Plains,Lake Rebeccaberg,Idaho,Hong Kong,1980-03-26,55SGS3Bfj&,2007-03-08 22:18:16
369,Claudia Sampson,igray@example.com,Account police main sea really court.,740 Martinez Freeway Suite 266,Lindaton,North Dakota,Sri Lanka,1991-01-08,!9Of(U4Iq6,1993-02-02 01:09:58
2066,Dr. Charles Dodson Jr.,heatherbutler@example.com,Purpose hundred popular product.,4554 Allen Ports,Brianshire,Oregon,Netherlands,2015-08-20,+%ai4ukbVU,1985-09-25 08:31:22
6976,Angela House,christophercoleman@example.org,Concern total answer reach.,3154 Allison Ford Suite 682,Sherryburgh,Arizona,Bulgaria,1984-05-29,0XYsMuin(7,2007-09-01 11:45:47
7225,Mark Jordan,christinadean@example.org,Add player whom man.,9588 Tanner Plains Suite 217,South Kelly,Nevada,Benin,2019-08-17,)*OPEkHL6a,1980-06-12 14:20:12
5146,Patricia Hawkins,maryjohnson@example.com,Teacher develop toward respond.,38548 David Locks,Lake Chadmouth,Idaho,Nicaragua,2001-05-27,_JGizHc8r4,2012-09-05 01:03:01
483,Thomas Byrd,jreid@example.org,Must ground hundred machine action finish media.,0870 Lamb Park Apt. 930,South Michael,Washington,Papua New Guinea,2003-01-26,78Wucy3H#%,2006-01-15 09:23:35
2949,Christopher Bryant,tgarcia@example.net,Training beautiful join meeting system ten loss.,316 Johnson Lakes Suite 015,Port Diana,Ohio,Peru,2003-11-05,G(x^6NmrcP,1973-01-31 07:28:01
9735,Jeremy Bell,timothypreston@example.org,School too lot central must window leg.,108 Kelly Way Suite 571,North Craig,New Mexico,French Guiana,1970-09-20,#41oyIdH!u,2009-10-20 20:15:30
956,Randall Coleman,riverapatrick@example.net,Common example me necessary as effort.,76568 Calvin Extension,Erinfort,North Dakota,French Southern Territories,2004-12-10,(FSjf9rCD1,2020-03-03 02:58:53
9793,Carolyn Smith,npierce@example.org,Campaign instead town important pattern everybody.,128 Nolan Rue,New Laceybury,New Mexico,Cyprus,2018-06-06,^b*@GlL28Y,2006-10-12 12:32:56
6352,Patricia Murphy,martinezlindsay@example.com,This concern then total property rather.,96277 Franklin River,Port Jameston,Rhode Island,Estonia,2018-03-09,*r^_5KrO+9,1990-08-09 06:19:39
2544,Joshua Lopez,brownmichael@example.net,Create throw either no apply every upon.,7080 Denise Drives,Morganburgh,Arkansas,Luxembourg,1983-06-04,D(g8&EGqMG,1971-09-02 09:10:44
8509,Daniel Brown,meredith04@example.net,Than little draw agent general with hospital.,8422 Mcclure Landing Apt. 735,Adamsfurt,Delaware,Korea,2015-09-20,&6F_Q%AS(t,1971-08-15 13:23:33
2887,Christopher Anderson,sthompson@example.com,Almost listen action.,804 Hernandez View Suite 493,North Matthew,Wisconsin,British Indian Ocean Territory (Chagos Archipelago),1971-05-16,86R1oMB8%1,1980-12-01 23:22:18
1540,Craig Ruiz,dfranklin@example.com,Range pretty although herself argue receive.,698 Williams Plain,Zacharyport,Connecticut,Chad,1984-04-08,d3BUPqSr*q,1986-10-30 14:02:07
136,Brittany Duffy,jonathon31@example.org,Leg front sense me off situation month.,217 Bradshaw Knolls Suite 622,Kirkberg,Kansas,Algeria,1975-04-30,#@2He^@QH0,2022-03-31 04:46:29
2537,Cody Hill,hsmith@example.net,Officer loss rich site dark.,3613 Christopher Harbors Apt. 911,Alexishaven,Kentucky,Cuba,1987-02-15,c(Q7S9Csv_,1999-10-21 22:29:51
9022,Brittney Sparks,andersonjessica@example.net,Seem including land leave yet production.,37064 Holt Lake Apt. 508,Richardmouth,Illinois,Sao Tome and Principe,1972-05-20,#U*G9MpcXk,1971-08-11 00:23:29
507,Caleb Torres,vmueller@example.net,Later best down Democrat trade crime yes.,707 Terri Burgs,Snyderville,Minnesota,Tuvalu,2010-04-16,Q^1V3LbzaD,1989-12-15 13:01:06
2030,John Vargas,phillipsmelissa@example.net,Total just trip stand picture.,416 Michelle Fields Apt. 210,New Emmamouth,Oregon,Ghana,1984-01-13,u_81HCIj#e,2001-12-20 18:56:35
8394,Nicole Jackson,carolyn92@example.com,From own result suddenly rock of explain power.,2796 Brown Mountains Suite 733,Karimouth,Mississippi,Zimbabwe,1981-04-07,yb39ZkuA@9,2001-11-25 20:58:24
3141,Krista Mitchell,anthonygina@example.net,Agreement catch table win kind collection room game.,9821 Derek Roads,Robinsonport,Utah,Mozambique,1970-04-06,39@5Gt3YA3,1971-09-09 22:34:52
9093,Lawrence Patton,cfoley@example.org,Act quite choice whether surface.,3117 Davis Row Apt. 118,Lake Nicholas,Pennsylvania,Qatar,1993-04-10,jf3s0Emt6@,1999-06-24 18:51:00
1583,Jennifer Wells,joshuamartin@example.com,Role direction hand accept gas she.,471 Russell Trail Suite 148,Simpsonstad,Louisiana,Bouvet Island (Bouvetoya),2016-08-15,%5pDnvBj)O,2020-07-22 02:06:51
6658,Natasha Bishop,gregory56@example.net,Explain month movement example realize education.,76821 Ryan Shore,Port Kim,New Jersey,Micronesia,1971-06-24,)bx&Ak@K83,2023-12-27 21:38:18
7777,James Knight,collinserrano@example.org,Rich wife student Mrs.,6540 Gonzales Village Apt. 745,Steelebury,Alabama,Mauritania,1998-08-30,^5wLu&Fl9r,1989-07-31 07:09:17
84,Ralph Roy,clinton94@example.net,Second attention still public.,949 Kimberly Trail Apt. 631,Ferrellland,Ohio,Norway,2023-06-10,@8KgdkTJZk,1997-05-31 14:18:35
1936,Gary Austin,bellgary@example.com,Raise response provide vote notice compare.,5045 Diane Villages Apt. 350,New Michael,North Dakota,Sierra Leone,2017-07-15,Bw@+7Jm4!O,2001-04-03 04:10:44
402,Chad Butler,rochasarah@example.net,Theory religious agree.,41785 Fisher Pass Suite 927,New Rhonda,Idaho,Guatemala,1984-12-27,+2iOX%bRQu,1997-07-24 23:50:06
8518,Thomas Lewis,nmitchell@example.org,With light than organization image thus your.,970 Cruz Trace,South Tiffany,Indiana,Korea,1981-12-07,B74L6mD+P*,1997-08-12 05:56:50
8477,Laura Brown,ahiggins@example.com,Example play seek particularly.,101 Theresa Creek,Port Aaron,Kansas,Yemen,1984-03-09,l&9DLd8l@0,2007-02-07 08:39:45
1250,Janet White,jacqueline59@example.com,Spend for physical whatever us join.,25268 Craig Loop,East Jennifermouth,Tennessee,Kiribati,1995-08-14,fwv!0ZsgxU,2010-07-12 04:09:07
1020,Katie Lewis,rollinschelsea@example.org,Culture pick page hold stop require.,2235 Beth Extensions,New Nicholasside,Connecticut,Angola,1992-02-14,G^7$uvS*ih,2003-12-08 14:17:23
216,Jeffery Smith,michaelosborne@example.com,Third sport feeling.,94688 Cox Station Apt. 289,Youngchester,Kansas,Bolivia,2022-12-07,+MgEx8&C_0,1985-11-20 18:05:04
1012,Jordan Lopez,ddiaz@example.net,Although policy between quickly really teacher these news.,882 Nichols Harbor Apt. 920,Michaelville,South Carolina,Georgia,2022-08-18,&3IHenk_)o,1998-04-11 22:23:41
611,Brian Hanson,danielashley@example.com,Though store involve still.,25922 Danielle Cape Apt. 324,Marytown,Connecticut,Paraguay,1998-12-19,G5Y&1C+t_i,2013-04-01 23:47:07
6375,Kara Mccoy,ygonzalez@example.com,Maintain father hear letter.,286 Glenn Underpass Suite 142,Taylorville,New Hampshire,Cayman Islands,2023-11-06,3$6H_aqei(,1999-08-02 05:21:43
195,Jonathon Johnson,robertosborne@example.org,Performance health key whole near also.,998 Nicole Parkway,Nathanfurt,New Hampshire,Serbia,2016-02-13,&W5yFGyqX_,1987-07-09 09:49:20
2699,Dr. Adrian Velasquez,mathew94@example.net,Become parent at example available page.,78924 Washington Cape,East Lauren,Arizona,Nigeria,1974-07-22,&1hQIMjp^Z,1979-11-16 17:51:43
6497,Heather Serrano,michael63@example.net,Teach exist wife official her what.,5122 Joshua Tunnel Suite 496,Port Tanya,New York,Reunion,1978-08-06,+iIUioR8q2,2011-02-24 22:59:41
2727,John Williamson,brandon91@example.net,Spend charge war for let employee term.,677 Mccormick Terrace,West Mark,Texas,Mongolia,1972-05-12,*uKoAAf)21,1987-07-30 10:14:06
1541,Eugene Sanchez,russellanthony@example.org,Speech enough southern guess discuss.,2759 Brandon Shoals Suite 998,New Amyport,Indiana,Gibraltar,1999-01-21,_p5ECHxqU%,1980-12-15 20:11:01
2044,Betty Smith,muellerdale@example.com,Send town realize certain.,2984 Jon Light,Sabrinaborough,South Dakota,Netherlands Antilles,1987-06-01,6opOyllw(3,2022-10-01 17:52:10
8085,Morgan Franklin,ortizmichael@example.org,Likely wonder area charge task must.,1042 Obrien Lakes Suite 524,Turnerville,Tennessee,Russian Federation,1976-09-06,M3EN3EvY&U,2015-05-04 22:05:57
4243,Donna Patton,shahkenneth@example.net,Him get adult ten cold.,746 Crawford Square,Pamelaview,Massachusetts,Panama,2011-02-20,+lWDpOSo97,2000-08-14 21:59:03
1047,Catherine Pugh,robertmorales@example.org,Reach democratic yes shake represent responsibility human move.,00511 Dixon Lake,New Joshuamouth,Michigan,Palestinian Territory,1976-04-14,^G5gCAAoTQ,2010-08-21 18:24:53
7154,Daniel Griffin,todd10@example.net,Stop chance I knowledge.,064 Rodriguez Cape,East Mariahtown,West Virginia,Nauru,1986-03-21,ld6P)RRnb+,1980-08-24 09:32:20
7108,Jessica Chan,thomasnguyen@example.com,Politics throughout instead five full.,7419 Douglas Locks Apt. 913,West Erikberg,Wyoming,Guam,1992-04-14,AQ78WyejU^,2023-06-19 00:10:10
1624,Jared Wagner,merrittjeremy@example.net,Item base entire quickly your stay building.,0283 Tucker Court,Fullerhaven,Oklahoma,Belarus,1982-10-19,TE&Kalh!+0,1992-03-02 17:58:29
9231,Dr. Shelly Mason,michael73@example.net,Garden design seem successful answer become.,5519 Burke Streets,Lake Ericborough,Alabama,Christmas Island,2004-06-24,2R5*DecT(L,2012-08-05 23:00:21
9339,Sandra Caldwell,amyburton@example.org,Response thus program there list measure fill.,57580 Mendoza Center,Rossmouth,Ohio,Burundi,1974-01-18,w4iPiob$$a,1989-02-15 21:37:13
3740,Gina Wood,singletonpamela@example.net,Realize office per his.,766 Pope Vista Apt. 179,Cookshire,Virginia,Benin,2004-10-06,+C34sZAhA+,1998-02-25 01:00:59
2654,Randy Li,bjones@example.org,Participant mouth sound quickly section.,61141 Jonathan Dale,Port Nicholas,New York,Trinidad and Tobago,1976-05-25,U8I8SjXa$),1984-07-10 23:46:54
5545,Katherine Phelps,kcallahan@example.com,Century author hour such say western.,2702 Cunningham Hills Suite 495,Rodriguezshire,California,Poland,1979-11-10,9REAUtot^U,2020-08-08 14:36:07
9166,Samuel Sanchez,matthewstewart@example.com,Senior still language so why rule firm.,5396 Chambers Harbor,South Aliciashire,Idaho,Dominica,2023-11-07,fnk0lpGc+&,2008-04-25 20:11:11
4433,Lori Bennett,pacerachel@example.com,Site move fire along address forget page anyone.,3178 Holland Glens,South Cassie,Nebraska,Nauru,2017-09-05,!R8DDjb_8I,2008-03-19 18:03:24
7097,Edward Walker,martinluke@example.net,Manager policy enough serious north authority.,4435 Garcia Inlet Suite 186,Caitlinmouth,Kentucky,Benin,1986-02-13,l+2*!FKc8H,1984-10-24 06:29:59
6859,Rebecca Cole,hdawson@example.com,Race middle pass tree financial.,991 Butler Course Suite 850,New Kennethview,North Dakota,Uruguay,1975-09-15,E8xLfzUb^X,1999-02-02 01:53:33
9616,Phillip Krause,iwarren@example.org,Coach prevent west position far office hair.,570 Robert Brook,Michaelmouth,Alabama,Slovakia (Slovak Republic),1984-05-28,^rJ0L1j+i5,2016-10-23 02:45:52
2283,Theresa Griffin,kennethbarrera@example.net,Next race several money including.,955 Dunlap Islands,New Kevin,Nevada,Bhutan,1988-03-11,p*&13NaNb6,2013-07-02 05:34:26
3235,Alex Peck,stephen01@example.com,Traditional story charge onto.,7968 Kim Junctions Apt. 137,Hillton,Michigan,French Guiana,2019-12-27,hC9B5bc#5*,2020-11-18 22:53:04
8704,Jeffrey Murray,leedakota@example.net,Job spend exist there fire.,7529 Harris Locks,Joelfort,Oregon,Nigeria,1986-11-12,22yVNK3z)w,2000-09-30 12:30:00
9672,Evan Byrd,johnjoseph@example.org,Fly land theory increase would ever long.,221 Lisa Ways,New Shaun,Maine,Norfolk Island,2003-11-10,B$2X3Kw&7Z,1975-12-05 05:13:19
7160,Loretta Parker,beasleychristine@example.com,Management not mission yeah play future trouble.,5703 Monique Islands Suite 165,Port Brentton,Kansas,Syrian Arab Republic,1999-06-19,7_8D+Ti7#g,1999-05-27 08:14:02
4471,Thomas Garner,melissa46@example.com,Give this fact foot run television age let.,60953 Monique Route,Port Paul,North Dakota,Kiribati,1997-06-16,VQE0P3jzh_,1997-12-13 16:47:08
6165,James Nolan,rryan@example.com,History require material industry professional minute current.,50820 Derek Crescent,Boltontown,Nebraska,Anguilla,1988-07-02,zP+0pG@cuk,2017-08-08 22:00:02
202,Tyler Richards,gcohen@example.com,Reach point mission whose soldier major pull front.,40040 Ruiz Trail Suite 243,West Michellebury,Oregon,Marshall Islands,1988-01-31,@fKm3J%qGd,1994-05-08 08:32:43
251,Sarah Ward,dwood@example.net,Man life while clear heart.,837 Russell Brook,Melissaburgh,Rhode Island,Slovenia,1978-01-13,IG4H3byy(_,1991-04-17 05:40:02
361,Nathan Ramos,jessicadavis@example.net,Its rise second one side bring.,098 Kevin Valleys,West Shawn,Oregon,Albania,1984-12-03,*1LFN1fD7F,1990-12-15 13:15:34
397,Steven Barrera,acameron@example.net,Dinner lot sometimes system suffer.,3156 Mary Light Suite 544,Cathyland,South Dakota,Egypt,1976-08-22,rI4!V)my_(,1975-07-21 09:09:57
2185,Barbara Phillips,adam26@example.org,List position room team media environmental.,4249 Ariel Inlet,Heathfurt,Rhode Island,French Southern Territories,1973-12-02,7a&4uKvR!1,2004-05-18 02:26:51
8842,Christine Gomez,castroashley@example.com,Dinner call road sense model free while.,09177 Davis Track Suite 852,East Eric,Oklahoma,Sudan,1978-11-06,*^IqRxcRO7,1986-01-03 03:37:10
2789,Meghan Tyler,allison37@example.org,Partner democratic child lawyer figure first positive.,8170 Williams Ridge Suite 674,New Lancestad,Colorado,Netherlands Antilles,1998-03-26,(5IGBwqygR,2005-01-20 06:49:27
3384,Pamela Sawyer,nwang@example.com,By trouble tree size.,433 Montes View,Judyville,Connecticut,Norway,1992-08-28,(8KsLr^UUS,1993-05-05 20:52:20
967,Courtney Kim,michaelwalker@example.com,About grow pressure today down.,55862 Anthony Knoll,North Stacie,Rhode Island,Bosnia and Herzegovina,1979-03-28,@7Rhyiltfa,1998-12-04 21:07:24
9358,Mary Rivers,joshua44@example.com,Past citizen current similar imagine wide participant answer.,371 Reeves Park,Wilkinsonbury,New Hampshire,Gabon,2004-09-25,!31lZIYpY%,1970-06-10 10:20:38
7617,Keith Cain,qthomas@example.net,Really relationship recently learn my.,97770 Sean Inlet Apt. 963,Jamesmouth,Iowa,Barbados,1978-11-18,_w(6(BjhT@,1970-07-06 07:08:04
9231,Brett Simon,christopher85@example.com,No enter their image.,190 Finley Mill,North Terri,Georgia,Honduras,1995-11-11,*X4ZSNn2pk,2009-07-30 05:03:42
9399,Vincent Hughes,moniquewright@example.com,Memory accept section term smile.,346 Steven Lake,North Billy,Kansas,Papua New Guinea,1988-11-04,Uvl8(Mnk++,1993-04-28 16:48:05
2597,Richard Martinez,karen34@example.org,Condition down chair they expert skill event.,857 Montes Neck,New Belinda,New Jersey,Niger,2019-04-10,iPs4JzZC#*,1981-03-24 13:27:26
8642,Tristan Velasquez,christopher18@example.com,Speak price just night garden.,0315 Alexander Trafficway Apt. 727,Port Kristi,Oklahoma,Andorra,2008-05-27,_EXfq5LH15,1973-08-02 13:19:52
8346,Shelby Olson,bwalker@example.net,Carry work notice civil bank majority probably.,871 Nicholas Port,Jenniferburgh,Maryland,United Arab Emirates,1986-05-21,V63IYz#p&$,1973-02-14 13:03:40
3305,Charles Brown,ryan36@example.com,Chair trade it continue them between.,13885 Jason Street Apt. 790,East Coryborough,Utah,Trinidad and Tobago,1990-07-11,pjgC3Ve3%&,1989-01-21 04:51:23
3029,Christine Vincent,michaelcarpenter@example.org,Institution eye whatever century article region short.,8334 Thompson Junctions,Ingramton,Wyoming,Trinidad and Tobago,1972-02-20,nmT7@Sbm!6,1972-11-14 10:43:07
7581,Dr. Susan Cisneros,ecabrera@example.org,Collection center we truth environmental must support.,06523 Diana Centers,Ritamouth,Missouri,Korea,1973-07-05,yAN%6Gqw$p,1976-01-19 14:33:44
4541,Allison Morgan,jennifergutierrez@example.net,Level raise defense member usually.,1613 Tyler Pine Apt. 858,West Carol,Nebraska,Guinea-Bissau,2013-05-04,$5Jfp^BiI1,2003-01-30 18:14:07
3795,Grant Strickland,danielle78@example.com,Apply conference argue do field talk prepare heavy.,13496 Marisa Walk Apt. 901,New Nicolebury,Arizona,Falkland Islands (Malvinas),1984-06-29,y*glv9Frmq,2005-10-08 19:06:10
2952,Ashley Blankenship,kristopher89@example.com,Stop life look spring anything.,986 Martinez Spring,Garzaport,Oklahoma,South Africa,1975-04-10,miTO*tqZ#4,1970-02-05 14:21:42
7288,Paul Green,daniel42@example.net,Sister without travel approach.,18144 Blake Plaza Apt. 410,Marisaburgh,New Hampshire,Romania,2023-03-30,f9sQZ(bf+Y,2004-10-17 15:36:09
8667,Jessica Reid,tonya19@example.net,Chance force magazine floor area growth head.,72326 Jones Via,Rhondaberg,Minnesota,Ethiopia,1984-11-18,5*A2YkAhbX,2004-04-24 15:03:25
2121,Scott Hood,oshannon@example.net,Edge red take cover follow evening father.,60057 Angie Extensions,Cruzfurt,Tennessee,Greenland,1970-05-31,AM8RP@vx@2,1982-05-20 03:34:05
7663,Joshua Martinez,patriciabright@example.net,Structure many wall thing material.,33589 Christopher Neck,Wyattshire,Maryland,Netherlands Antilles,1981-02-04,twa6yKCf(@,2002-06-18 07:52:19
549,Devin Shepherd,brentwilliams@example.net,With central off under someone.,3418 Yolanda Viaduct,Scottchester,Louisiana,Bermuda,2009-10-24,r2cahmYu&7,1995-06-14 03:26:57
3713,Carrie Buckley,robert31@example.net,Four position glass behavior sport may.,55340 Duran Road,West Jamie,Pennsylvania,New Caledonia,1976-12-31,!)3#1ZbCM@,1982-05-29 06:12:50
8336,Danny Browning,rebecca44@example.org,Really require onto article run support necessary.,02218 Vega Tunnel,Vancemouth,Indiana,India,1990-05-25,*SwTHw3K%4,1988-01-02 12:08:37
8977,Dominic Skinner,williamsgregory@example.org,Us rise official our.,18151 Susan Ranch,Jessicaview,Utah,India,2004-02-07,*(3T7gp)!k,1983-03-31 01:21:57
7442,Robert Thompson,patrick62@example.com,White easy think administration affect arrive.,3580 Stephanie Extension,Port Amy,North Carolina,Indonesia,1988-02-13,z_P5VzAUsb,1974-05-13 03:22:15
4228,Matthew Rodriguez,gadkins@example.com,Size garden bad true former.,3240 Hardy Lakes Suite 754,South Claudia,New Hampshire,Western Sahara,1985-11-01,V&Aa1YeEX%,2020-12-13 01:09:53
8252,Travis Macias,lwiggins@example.net,Lead around late decide or itself standard.,83934 Mccarthy Ramp Apt. 101,Leeburgh,Mississippi,Cote d'Ivoire,1981-05-26,7N70Nu35(T,2011-07-16 11:15:14
3892,Charles Clark,christinepham@example.net,Instead evening take guy prevent travel major.,83743 Chan Orchard,Bryantbury,Florida,Nauru,2002-01-25,ao8Zeenye$,2018-02-11 06:36:33
8361,Kristi Brown,amanda27@example.org,Science east three member buy return stock.,4977 Shawn Drive,Lake Kenneth,Vermont,Cote d'Ivoire,1980-10-10,&l7uA5(w(x,1994-01-23 17:34:52
3477,Thomas Hill,qharper@example.org,Parent relate far however top deal whole then.,453 Taylor Islands Apt. 834,Kleinton,Arkansas,Korea,1973-07-29,di5%SqV4v),2020-08-05 03:49:00
8945,Holly Elliott,rroach@example.net,My until market factor speech environment employee.,0256 Margaret Common Apt. 516,Port Jared,Illinois,Antigua and Barbuda,1999-10-12,9tnJxkRi(m,2004-11-02 00:06:48
895,Scott Martinez,wcastillo@example.com,Site data stuff same under particular.,819 Guerrero Park Suite 745,Williamsberg,Illinois,Lebanon,1973-11-05,!X8Jd7M+p1,2006-01-25 13:00:53
3449,Brandon Hill,jeremy38@example.org,Option painting couple surface kitchen only.,167 Harrell Glens,Kennethshire,Pennsylvania,Svalbard & Jan Mayen Islands,2006-07-03,nq@4LEoh&S,1991-10-29 17:56:35
5074,Sheila Jones,jeanarellano@example.net,Represent statement like speech their.,20470 Morales Station,Port Peterberg,New Mexico,Serbia,1984-09-29,Da8dK5Gbu@,2020-12-19 22:11:21
2316,Teresa Knight,bryan20@example.org,Method should town think image themselves seek here.,01823 Kristin Spur,Pennyshire,Minnesota,Georgia,1994-04-11,gS67IWTtI*,1976-08-03 17:10:30
8455,Michael Diaz,gonzalesrachel@example.net,Remain difficult much myself statement defense arrive.,628 Christopher Roads Apt. 725,New Ryanmouth,Illinois,Germany,2004-05-28,uHAQE8^g1+,2002-04-15 03:30:23
3479,William Larson,keytara@example.org,West look task.,414 Williams Drive Suite 406,Angelamouth,New Jersey,Qatar,2020-02-08,o5paoBit(G,1980-03-26 17:56:51
1450,Julie Flynn,qjackson@example.net,Within war table first say night institution talk.,24790 Karen Path,Joannamouth,Nevada,Honduras,1980-04-01,V&75IdzmUH,2019-05-08 02:23:17
5723,Tara Pace,charlesgarcia@example.org,Main church body religious information young name.,102 Emma Squares,North Richard,Tennessee,Martinique,1988-03-12,BRpUc)nr!3,1976-08-24 07:34:11
7634,Jason Bennett,qbrown@example.net,Something cost knowledge share hit window.,13250 Denise Common,Palmerland,Oklahoma,Tunisia,1976-03-17,%+W37QDyP),2011-11-02 18:25:58
7393,Misty Spencer,jeremiahvaughn@example.net,Increase weight stand movie.,592 Williams Branch Suite 065,South Rebecca,California,Isle of Man,2021-08-03,@35NEEphAV,2006-05-04 00:34:31
63,Kristi Thomas,andersonjuan@example.com,Turn see page college its major ahead whose.,38307 Boyer Creek Suite 952,Mariafurt,Alaska,Taiwan,1977-02-06,00RGM3pw^A,2006-05-12 18:39:51
8724,Andrew Gill,uflores@example.org,View mouth away spring allow body.,4336 Marshall Gateway Apt. 163,Patriciachester,Nevada,Japan,1981-04-22,*3BXvZz+tS,1983-09-29 08:18:33
8148,Holly Pruitt,robert18@example.com,Recognize year light deep let win.,358 Peterson Courts,Nguyenton,Vermont,Norfolk Island,2008-07-06,BGWsDers)4,1981-04-19 08:45:01
5870,Chad Page,jamie22@example.org,Cause month they hit.,49793 King Flat Suite 921,South Sonia,Illinois,Dominica,1982-09-26,S+T6mLsjt@,1981-10-03 05:18:02
6113,Katrina Garcia,colemannathan@example.net,Stock mission development well imagine form.,1127 Mike Field Apt. 291,West Jennifer,Texas,Cyprus,1980-02-20,CL2@KphJT^,1982-09-12 20:19:47
4239,Michael Francis,elizabethcolon@example.com,See media reason office.,996 Greer Creek,West Andrea,Arizona,Denmark,1977-08-04,_x87R4Xt((,1981-08-24 00:30:16
4706,Sandy Luna,wesleyrusso@example.net,When type notice government education under listen.,4231 Kristine Common Suite 650,Williamshaven,North Carolina,Burundi,2009-11-25,#1zRWUlo6A,2019-06-30 21:27:27
2267,Carolyn Williams,paulknapp@example.org,Hold safe adult discuss from how.,2260 Flores Key,Gregoryberg,Oregon,Thailand,2005-07-10,hW*)_6Rnw%,1987-08-06 15:35:59
929,Angel Ramsey,zachary82@example.net,Green commercial four population commercial approach.,42892 Gomez Cove,New Michael,Texas,Norway,2012-12-15,#e$qQPDf)2,1976-02-08 23:30:25
3625,Sandra Williams,christopherwoods@example.org,They begin difference.,1309 Jody Mills Apt. 296,Jasonberg,Montana,Turkey,1990-07-05,71f%2DIjaH,2011-03-17 05:42:19
2837,Susan Sloan,kellybeth@example.org,Able carry religious political owner team.,32084 Ronnie Wall,Melindabury,Ohio,Bermuda,1974-04-18,z*@6BjpdjH,2019-12-17 22:02:29
9937,Yvette Parks,melindasmith@example.net,Reach outside above as.,9054 Dunlap Springs,Douglasbury,Arkansas,Oman,1990-12-01,68Ok5m1v)i,1974-11-14 09:36:37
6862,Michelle Adams,kelleycourtney@example.net,When themselves of north year.,885 Reynolds Plaza,Lake Scott,Alaska,Austria,2023-10-06,i_BOS0Hoqf,1992-02-11 01:06:17
9912,Eric Cox,gloria06@example.net,Discover maybe perhaps future write store.,1761 Pierce Mountain Suite 257,Glassmouth,Maine,Zambia,1992-07-21,#6oRZ1Ly#8,1988-09-16 03:15:01
5664,Samuel Melton,andersonbrian@example.com,Happy myself employee cover city offer look.,2730 Perez Prairie Suite 881,East Catherine,Tennessee,Sudan,1999-07-30,K4HfFlkP@r,1988-01-31 14:21:09
7716,Steven Johnson,abenjamin@example.net,Environment authority data guy agreement.,87776 Young Radial Apt. 133,Mauricefurt,New York,Romania,1976-10-15,*8mmsEdfCv,1976-06-27 01:40:11
7988,Susan Alexander,sgalvan@example.com,Writer short answer worker behavior imagine someone.,8029 Carol Station Suite 350,Huntburgh,Kentucky,Estonia,1985-05-01,DI$7GXwg*N,2017-07-25 01:12:34
4253,Michael Chung,hillpaige@example.org,Again store modern bad single always ok.,9218 Perkins Radial,New Samanthabury,Hawaii,Egypt,2015-08-13,1d7CVkvO@u,2019-02-10 22:38:29
2925,Amber Hernandez,carterpatrick@example.net,Even pick move.,08537 Smith Throughway,North Melanie,Mississippi,Barbados,2014-09-05,t8v37Jfr#q,2018-05-08 13:31:10
8958,Elizabeth Webb,baileydeborah@example.org,Pattern across rule look entire lose leader sell.,983 Emily Lights Apt. 193,Scotthaven,New Hampshire,El Salvador,2004-02-11,zYvTNLqt*4,2007-07-15 20:54:49
3069,Brandon Dougherty,lmartin@example.com,President test score market statement difference.,2497 Lucas Creek,Rangelfort,Delaware,Moldova,1984-04-02,()_M5MEgcW,2021-06-11 02:59:31
4665,John Salas,fduncan@example.com,Actually camera brother artist leader.,99132 Brenda Branch Suite 682,Parkerborough,Iowa,Denmark,1975-09-08,*2m34O*xK0,2004-05-15 04:58:47
5461,Luis Wolf,gnicholson@example.org,Knowledge garden point treat audience laugh.,415 May Gateway,Antoniostad,Tennessee,South Africa,1999-11-14,C4aV&bFa$6,2018-01-03 12:16:35
9353,Amy Mccarty,ztravis@example.com,Federal spend grow kid.,0784 Megan Mountain Suite 982,Avilaport,Rhode Island,Congo,2016-04-10,T6+EF8Px&B,1991-08-22 14:23:02
1066,Danny Richardson,michaelruiz@example.net,Hair wonder include though begin edge.,953 Reynolds Corner Suite 947,Wilsonhaven,Ohio,Kuwait,2002-04-02,^_Lq4Bzfb@,1989-08-30 21:30:16
8756,Robert Brown,ydavis@example.net,Statement quite mouth phone.,755 David Mountain,Lake Lauren,Maryland,Lao People's Democratic Republic,2004-02-17,%R0+pVm*&r,1970-12-12 11:01:50
3322,Nicholas Montoya,nlee@example.com,Education practice food economy commercial child color in.,683 Anthony Causeway,Lake Ashleytown,Wisconsin,Sweden,1991-06-06,HBZX*6Pgs@,2020-01-26 11:00:54
7542,Breanna Avila,steven61@example.org,Remain recent expert strategy.,59964 Powers Dale Apt. 605,Yvetteville,West Virginia,Papua New Guinea,1977-05-09,@var*TWl#1,2004-02-07 14:45:17
8318,Kristy Hamilton,garrettkevin@example.org,Could son whole statement yes.,18531 Jacqueline Knolls Suite 638,Danielleburgh,Texas,Tuvalu,1976-09-19,hz^4LJRogP,2011-10-20 11:11:02
2441,Larry Hart,jeannephillips@example.com,Politics oil road.,814 Arnold Oval Apt. 596,Ralphport,Hawaii,Honduras,1979-12-20,sw99QAbl2^,2004-08-30 16:03:22
1384,Cory Perkins,allendavis@example.com,Defense center safe fill.,665 Oliver Hill,Port Garrett,South Carolina,Turkey,2006-09-01,+0uDHwGO3E,1986-05-09 08:42:59
1435,Melissa Scott,garciatravis@example.net,Open decision report tend.,72426 Lisa Forks Suite 907,Starkfurt,Hawaii,Yemen,2018-11-20,_(x1XavffO,1973-07-18 18:03:14
6481,Larry Gray,brandon63@example.org,Camera first media great toward.,0265 Kathy Radial,Amytown,Kansas,Guam,1978-04-18,Jq36zwTr+Q,1981-03-22 02:14:58
5213,Chelsea Gonzales,courtney19@example.org,Source yeah class walk provide.,59924 Jones Extension Apt. 353,South William,Utah,Guinea,1999-10-07,4VWK3Vxr@Y,1991-09-20 12:01:52
6479,Kelsey Maddox,jamierodriguez@example.org,Plan build lawyer result minute just.,08012 Justin Cliff Apt. 824,West Barbarafurt,Georgia,Nicaragua,2008-02-10,1puUSmzu@y,1978-07-08 16:12:04
6210,Christopher Juarez,josephhorne@example.com,Political trip design right hard.,9504 Graham Rapid Apt. 835,Arianaborough,Iowa,Saint Pierre and Miquelon,2021-10-23,^8(q$@Vk5),1975-09-29 15:01:27
2684,Colleen Martinez,brownsheila@example.org,Discover sure maintain wrong process for.,70003 Hodges Freeway Apt. 334,North Johnville,Wyoming,Japan,2018-09-02,4qr)qOl((8,2012-02-24 18:48:42
6126,Elizabeth Allen,gilbertjesus@example.org,Knowledge heart include suddenly.,532 Joshua Mount,North Matthewchester,New Hampshire,Malaysia,1991-04-14,!R6s$EEsQ%,2002-10-25 20:08:40
9361,Sherry Gonzales,hodgesbrian@example.net,Life kid let should rest.,216 Michael Villages Apt. 807,Adamborough,Maryland,France,1972-11-08,$%7Iugsa_@,1986-07-31 17:29:07
7460,Stephen Sexton,jennifer40@example.org,Rule specific challenge occur last process paper hot.,55857 Joshua Streets,Johnsonstad,Alabama,Montserrat,2008-06-27,maMv6hgv)5,1972-07-13 06:23:49
7342,Ethan Sharp,yjohnson@example.com,Anything question last street.,793 Campos Walks,Carrburgh,Florida,Nauru,1974-04-24,&IU#kLIp$2,1994-06-27 22:58:12
4886,Crystal Nguyen,brianajohnson@example.net,Free cost couple you business.,41108 Rebecca Villages,Port Steven,Virginia,Botswana,1976-03-31,B4(2kDtkdA,1981-05-22 21:12:26
1493,Randall Manning,nparker@example.com,Design huge in.,073 Williamson Loop,East Paula,Hawaii,Honduras,1983-05-20,$44D(teW*2,1991-10-08 10:11:21
4448,Ryan Pace,lauren80@example.org,Language another either information.,8621 Diaz Knoll Suite 001,Lake Jacobtown,Wyoming,Zambia,1976-12-17,y3LBzndk+E,1990-09-05 22:30:01
6955,Paula Taylor,laurenkim@example.com,Turn news see back increase keep including page.,986 Jeffrey Freeway,Joelside,Oregon,Saudi Arabia,2022-04-21,NKo9GmgW)u,1995-08-13 20:34:45
3697,Andrew Bradshaw,rmorris@example.com,Local choice clear low within perform.,374 Erika Stream,Toddland,Kansas,Uruguay,1984-09-25,NG0VFxKe!e,1995-04-26 11:09:41
1030,Benjamin Leonard,richardsamy@example.org,Investment want town miss help her money.,554 Cheryl Lock Suite 274,Johnsonside,Washington,Saint Vincent and the Grenadines,1985-12-12,_GRzU5g#_9,2008-04-26 01:41:21
785,Corey Blair,allisonlam@example.org,Happy morning yeah cost write rich tell.,9616 Allen Court Apt. 630,Port Kellybury,West Virginia,Paraguay,2017-03-28,Z+p8Ezkci@,2018-02-12 04:18:20
807,Dylan Cruz,kristinasmith@example.com,Camera gas themselves white mind sit magazine.,982 Theresa Station Apt. 176,Kimberlyside,Maryland,Thailand,2020-12-03,&AR^R&0V1v,1971-07-25 00:29:48
2015,James Shepherd,wigginsjacqueline@example.net,Majority treatment draw moment benefit.,465 Patricia Mountains Suite 586,South Kristinachester,Louisiana,Bahamas,1992-07-07,^rKg9m@7+6,2015-03-24 07:08:09
1060,Diana Medina,wthomas@example.net,Note about upon seek sister development.,58965 Silva Mills,Shannontown,Florida,Montenegro,2019-03-01,RT0QQfwe$J,2009-12-17 20:49:30
6452,William Smith,kylegordon@example.net,Down management scene answer.,5557 Arias Glens Suite 454,West Emilyfort,Alaska,Serbia,2010-02-08,t1mM9xKt#k,2002-06-14 06:13:39
5034,Charles Kelley,joshuadavis@example.com,Marriage phone better wait.,579 Jonathan Spur Suite 694,Mccormickmouth,California,Eritrea,2017-09-03,+RbPNnpu1L,1987-09-06 10:16:38
3128,Martha Flores,williamrice@example.com,Plan son glass.,66020 Duran Mount Apt. 997,Carlosfurt,Alabama,Japan,2006-07-27,yS5%W*a@$n,2016-04-02 06:56:10
9187,Sheila Cox,davidcollins@example.org,Speak floor space woman beyond television finish.,03822 Farley Keys,Freyborough,Tennessee,Netherlands Antilles,1986-06-11,Yo1UvFeG(9,1981-01-01 12:49:40
4633,Kathy Allen,beasleymichael@example.org,This year tough.,8964 Lucas Ways,Port Kevinton,Maine,Brunei Darussalam,2022-05-12,2u#sU5Wro*,2010-10-10 14:58:13
5196,Ann Hall,wendymartinez@example.net,Catch beyond really water.,48098 Christopher Street Apt. 236,West Angela,Hawaii,American Samoa,1995-01-04,V%0qZdvZLD,2015-09-17 00:42:37
9561,Mckenzie Johnson DDS,camposangela@example.org,Artist reveal wife plant evidence.,711 Jacob Mission Apt. 889,South Ashleyland,Massachusetts,Iran,1970-09-02,J_4Lkgd2V(,1997-06-03 06:18:14
4412,Chelsea Monroe,haroldduran@example.com,Lawyer condition miss catch defense.,0534 Fuentes Crescent Apt. 742,North Zacharytown,South Carolina,Tonga,1999-10-02,_O^H0dAr+3,1984-12-01 23:21:34
9091,Rita Mason,ysmith@example.net,Ahead near analysis personal product community southern.,366 Anthony Stream Apt. 129,West Sergio,Virginia,Vietnam,2014-06-03,sTolLJkz$6,1991-12-05 13:13:22
1253,Autumn Torres,collinsstephanie@example.org,Good white consumer relate.,62232 Douglas Mountains,East Patrickbury,Vermont,Netherlands,1986-02-24,^sP1o%nx5j,1998-07-16 03:41:31
4830,Amanda Richards,josephriley@example.com,Far foreign area arm hand evening.,506 Hartman Estates Apt. 320,New Davidport,Ohio,Peru,2006-08-13,G$E(2BJlQi,1985-11-18 22:14:24
4425,Benjamin Gonzalez,erinwade@example.net,Become trip bad.,0197 Moore Drive,South Christopherchester,Hawaii,Togo,1989-07-22,79iiDouB!#,1972-09-12 20:16:29
9485,Erika Taylor,ramireztyrone@example.net,Sort wish this baby late occur skin evidence.,5569 Cochran Landing Apt. 019,West Scottland,Tennessee,Bosnia and Herzegovina,2008-08-10,#8ObF@qy5_,1975-05-29 20:12:04
5377,Janet Miller,fisherwilliam@example.net,Drive hear class offer bring worry.,274 Molly Prairie Suite 572,New Edward,Hawaii,Kiribati,2019-08-22,1^0HazPhN8,2003-01-01 22:46:58
935,Melissa Cannon,lisabrooks@example.org,Show light important factor.,5215 Mccoy Ridges Suite 888,North Christian,New Mexico,Tajikistan,1992-08-23,(8#6&#WsbQ,2009-01-23 09:14:42
4048,David Baker,pnguyen@example.org,Exist example family plant throw.,45687 Scott Circles Suite 681,New Kathleen,Virginia,Chad,1975-08-25,0bZI2qpK+2,2011-11-01 01:05:34
8585,Alan Martin,elizabethgamble@example.org,Figure evening age rich travel prove often.,9376 Evans Fords,New Jacquelinebury,Alabama,Ghana,2010-11-02,(22Uwg$7+T,2009-06-03 23:35:49
5796,Anna Mcgee,wford@example.org,Political maintain himself moment alone.,202 Carlson Gardens,Parkertown,Nevada,Ecuador,1979-06-02,R_W8ZAHhKh,1975-10-24 19:19:15
3982,Nicholas Murray,collinschristopher@example.net,Process include fall general fly along risk report.,85196 Underwood Lights Apt. 939,Jimenezmouth,Rhode Island,Liechtenstein,1992-04-30,A6KWzzWi#1,1979-05-20 10:43:11
8373,Tina Phillips,jeremiahdouglas@example.com,War employee school.,43481 Wilcox Highway,Riceberg,Idaho,Swaziland,2010-01-31,3sKQwiq7*5,1995-03-27 19:23:32
9898,Susan Griffin,jsmith@example.org,Message song can art agent.,5658 Deborah Key,West Wendyview,Colorado,Cameroon,1997-06-04,eSu2G4Uu*R,1990-09-30 05:45:17
4310,John Rodriguez,fmiller@example.org,Say life easy mention.,48485 Scott Hills,Martinezville,California,Samoa,1990-12-14,F*^9G(Bo%@,2011-04-21 17:52:16
9168,April Smith,franklinrichard@example.org,Want often common budget say over positive.,2731 Diaz Port Suite 963,Mooreborough,Massachusetts,Reunion,1993-05-25,^X!juyBb5q,1990-09-16 01:20:39
2112,Jessica Holt,kimberly71@example.org,Cold create guy world.,2729 Antonio Plaza Suite 156,Port Rebeccahaven,Indiana,Uruguay,1984-10-16,#A3rlIOir%,2018-07-02 17:08:39
1250,Nicholas Cardenas,courtney72@example.net,Republican result worry all role land open.,092 Kim Ramp,Stevenfort,Iowa,Equatorial Guinea,1972-07-29,p%$k9wQj2I,2003-08-15 01:46:29
419,Jeremy Atkins,ojames@example.org,Floor statement mother American.,5830 Lewis Motorway,South Luis,Florida,United Arab Emirates,2014-08-25,V0jYy*yb_S,2020-05-21 22:58:27
794,Amanda Cunningham,daniel23@example.org,Girl continue partner network bill.,5430 Sara Prairie,New Danielleview,Colorado,Kyrgyz Republic,1998-10-13,TKD4$IjyZ*,1988-10-24 20:59:53
2011,Leslie Hensley,jacobsalinas@example.org,It team degree star.,5962 Oneal Locks,Spencerstad,Vermont,Tajikistan,1986-12-16,82$AqI%++),2020-05-02 05:52:28
6858,Omar Jordan,michael86@example.org,Lead environment much process.,093 Stephenson Via,Port Cindytown,Vermont,Montserrat,1981-05-30,p9WKvQcJ_a,2004-10-27 20:08:28
720,Douglas Wright,kristinwilliams@example.net,Owner mission brother upon possible.,65287 Jenna Mountains Suite 877,Roweburgh,Indiana,Mongolia,1988-07-14,y@^3T2Hise,2008-11-24 01:12:11
7171,Louis Perez,audreyware@example.net,Seem fast care billion six.,37241 Robinson Manor,Nortonland,Ohio,Gambia,1993-04-11,D9HX+Pto^D,1996-03-20 12:37:19
8387,David Brown,garciadavid@example.net,Include sit animal prepare ago experience.,754 Jimenez Ranch,Jeanburgh,Wisconsin,Taiwan,1987-12-21,y@%7dsAerr,2017-04-07 11:43:23
7243,Felicia Keith,andreamartinez@example.com,Similar seat section computer reason only.,93897 Weber Village,Fitzpatrickport,Wyoming,American Samoa,1985-08-18,c*c4RrqFqj,1984-02-08 09:00:15
6657,Joseph Hoffman,cynthiahorton@example.com,Prove huge new production her summer.,76897 James Rue Suite 303,Jasonville,Illinois,Myanmar,1995-06-08,hc_5AKaRpp,2018-07-07 19:52:55
7436,Sean Tucker,amberwright@example.org,Participant of fill nearly information same bad.,28414 Bowen Groves Apt. 850,Diazton,Missouri,Cyprus,2022-11-16,V(J5I!ltDa,2001-09-05 11:47:43
3994,Daniel Dominguez,salasbobby@example.com,Test agree authority art actually brother.,81043 Carmen Viaduct Suite 697,Susanland,Missouri,Japan,1985-12-12,!J7dtZno%j,2022-08-01 09:22:19
6400,Teresa Dominguez,millerjennifer@example.net,Social cell live which significant unit.,02732 Kelly Valleys,North Michael,South Dakota,Vietnam,2021-05-26,+28DUs#6qW,2005-10-04 16:12:50
2409,John Phillips,charlenerogers@example.com,Mother claim worker contain though.,8312 Jessica Light,North Robertburgh,New Hampshire,Germany,1995-12-18,*m3mWPdbD@,1989-01-04 16:05:16
1839,Donald Lam,hugheschristine@example.org,Perhaps up participant red.,1214 Hendricks Pine,South Sharonstad,Montana,Iceland,1982-03-26,j$@0X@Aw@m,2023-02-21 23:15:58
4036,Joan Combs,mshaw@example.net,Six than news bad build ok.,6364 David Well Apt. 998,South Pamelatown,Alaska,Zambia,2018-09-20,)XcHKqbJ8z,2023-03-08 02:55:20
8623,Abigail Noble,carteraustin@example.net,Answer how himself.,81572 Jon Island Apt. 021,New Gregory,New Jersey,Timor-Leste,2018-08-10,%(6yRZ3ifm,1980-10-23 08:58:19
4221,Kyle Ruiz,omoreno@example.com,Move pull above since year just PM.,574 Richard Throughway Apt. 307,Port Lisamouth,Hawaii,Suriname,2018-04-14,iwXQNB$Z&4,2017-05-24 17:27:27
4423,Lindsay Sutton,joseph67@example.net,Catch democratic finally effort.,3694 Reyes Ridge,Hammondbury,Arkansas,Oman,2018-03-12,_e5KdC1q43,2018-09-11 12:43:10
337,Michael Arnold,gina51@example.com,Almost painting mind seven.,1567 Garrett Port Suite 239,Jenniferton,North Carolina,Guyana,1972-06-11,@g6wR(w!Td,1978-12-10 02:56:26
9157,Joshua Thompson,krystalwatson@example.net,Itself tree off first.,33718 Jamie Parkways Apt. 290,Crystalchester,Kansas,Oman,2024-01-03,*6FLwwWqx8,1985-09-25 01:50:37
5227,Benjamin Atkinson,raymondjohnson@example.org,Shoulder school win evening body.,250 Gene Circles Apt. 413,Rodriguezton,Michigan,Portugal,1988-08-29,@FNUpdxp3d,2013-08-27 22:17:47
91,Angela Nelson,erika03@example.com,Agency worker after answer he speak energy.,95892 Christopher Rapid,Martinezfurt,Maine,Germany,2014-05-29,+62rRWvquq,1984-06-21 01:45:27
3777,Jessica Martinez,mcunningham@example.net,Tax very leg gun.,8726 Allen Cove,Chenstad,Georgia,Moldova,2006-03-20,&3&8ZPHojI,1991-07-24 18:55:33
8490,Melissa Rodriguez,gfletcher@example.org,Send piece strategy realize hospital look.,63631 Lisa Circle Apt. 756,Alyssashire,California,Ethiopia,2010-10-17,x(NLh3s&%9,2013-08-07 12:00:45
1920,Melissa Guerrero,hstout@example.net,Itself general authority foot grow page.,91775 Hayden Junctions,Damontown,Kansas,Niger,1971-09-04,%0ANGPotDI,2019-07-11 14:53:14
1650,Christopher Johnson,mistyrobinson@example.com,Campaign still sell book.,61714 David Curve,West Michael,Maine,Japan,2006-01-01,@l9M#e_+RJ,2007-12-18 02:02:34
5890,Erika Peters,millerkim@example.com,Me plant as production partner clearly bit.,7663 Laura Underpass,Kimberlyborough,Arizona,Romania,1981-10-27,8Ht7&4seb!,2004-05-30 07:32:15
9478,David Bennett,weekscharlene@example.net,Card realize him when camera anyone.,5353 Schultz Ville Suite 576,Ericahaven,Kentucky,Cameroon,1983-10-09,vaq2PJ_Ci!,1999-03-21 15:14:44
7047,Steven Gutierrez,amanda47@example.com,Would push young health.,797 Cooper Estate Apt. 967,Curtisside,New Jersey,China,2018-09-18,^77sUvOh*O,1993-11-22 20:38:03
572,Shirley Grimes,kenneth25@example.org,Fire scientist safe movement employee street.,03042 Joshua Green Suite 215,Port Hannahport,Arkansas,Saint Kitts and Nevis,2002-11-04,))m6q%XsA^,1971-11-15 23:01:37
3095,Joshua York,eric53@example.net,Thank become newspaper expect part good point.,116 Watson Vista,Lake Brittanyport,Nebraska,Germany,1976-11-08,*1X&dM$ge5,2007-04-24 23:29:19
5876,Corey Coleman,adamsanne@example.com,Both front team baby.,249 Wade Creek,Sheriport,Kentucky,El Salvador,1998-09-18,DtO06vQ1w$,1985-04-05 04:47:11
5489,Kristin Sanchez DVM,timothygreer@example.net,According behavior understand structure left.,62820 Robert Knolls,Russellborough,South Carolina,New Caledonia,1984-06-18,(l4Fup0iIV,1978-07-30 13:51:36
1267,Jessica Drake,bwilliams@example.org,Others property author hot report.,9347 Mills Coves,Jamieborough,Alabama,Netherlands,1987-10-05,m8QawnCa^A,2017-02-27 00:31:17
6671,Bradley Tate,parkerdawn@example.com,Benefit fish professor husband.,46392 Booker Cliffs Apt. 607,Fosterchester,Wisconsin,Mauritania,1989-10-05,_gH9qkNn&A,1980-07-19 21:24:32
934,Daniel Smith,qwilliamson@example.com,Field environmental arm recognize sing manager with network.,3965 Alan Island,West Catherineberg,Montana,Aruba,1975-12-31,)V(dQ$mJ50,1991-01-06 02:42:26
4871,Austin Wong,graybrian@example.org,Exactly by common.,41497 Evans Bridge,Phillipsside,Washington,Russian Federation,2000-02-01,eI5GnNYp!K,1974-07-25 00:49:57
9770,Shelby Higgins,rlucas@example.net,Finally word color data reason cost business common.,4675 Mercado Alley,Ryanbury,Tennessee,Slovenia,2021-08-21,a$1EvCmsY^,2015-07-06 08:46:25
3422,Joanne Barry,anthony84@example.org,No can only.,24426 Smith Parks,Brownburgh,Pennsylvania,Timor-Leste,1993-02-01,9f4yJWx2$b,2009-10-26 11:30:01
6732,Andrew Dudley,miguel91@example.com,Condition describe base agree.,7731 Bridges Squares,Rowlandfort,Connecticut,Lithuania,1974-05-02,c4^3IwL$$x,1983-10-16 05:17:58
2017,Daniel Alvarado,william12@example.com,Tonight perhaps try build.,563 Gabriel Turnpike Apt. 513,Lake Jenniferfurt,Idaho,Romania,1985-12-04,J4YTB*fo_Q,1986-12-29 12:18:59
5631,Jamie Dixon,dgreen@example.org,Local rich health mind.,606 Eric Plains Apt. 372,Georgemouth,Kentucky,Venezuela,1989-11-14,)x$&^ZLsM4,2015-06-06 02:40:11
1171,Deanna Benson,joshuarivera@example.net,Reveal hotel both other.,93745 Aaron Village Suite 219,Debraborough,Ohio,Liberia,1989-12-19,b$9p8WsbFq,1972-06-06 04:11:31
5365,Virginia Hughes,patriciathompson@example.net,Congress heavy bank seem baby call which.,547 Bauer Extension Apt. 522,Rosaleshaven,Indiana,Slovenia,1980-10-01,(LN$@F*uc2,2014-05-27 01:57:22
4699,Scott Mejia,xpetersen@example.org,Character past back send relationship among.,849 Nicholas Loop Suite 755,North Nicoleview,Nevada,Chad,2009-04-10,pP2R(YLtm!,1981-03-28 05:45:42
1116,Patrick Boyer,ilewis@example.net,Large lot gas single let report low imagine.,476 Jake Drive,Avilamouth,Oregon,Sao Tome and Principe,1976-03-09,+^H%7Wl++Q,1986-12-13 15:21:17
8443,Micheal Mcguire,andersoncathy@example.net,Soldier decision stage artist none campaign.,4608 Justin Viaduct Apt. 254,North Kimberlyberg,Kansas,Slovakia (Slovak Republic),1982-07-16,@yLRc9+(p9,2003-12-31 21:38:16
667,Michael Vasquez,shorn@example.net,Wish world laugh chance treatment education he unit.,594 Miranda Crest Suite 965,Johnstad,Hawaii,Holy See (Vatican City State),2002-10-11,&1OMZs!J(z,1984-02-13 04:16:17
1430,Megan Wyatt,wmolina@example.net,Mind than many professional most mother crime.,07455 Harmon Shoal,Rachelville,Wisconsin,Trinidad and Tobago,1988-06-15,7*#+esRiw0,2021-06-04 17:08:32
5190,John Armstrong,justin90@example.net,Home for professional office have long itself.,765 Molina Keys Suite 330,Port Jenniferhaven,Oregon,Portugal,2006-01-31,n*9E*PM(*m,1976-01-19 18:05:07
8848,Rachael Brandt,greernatasha@example.org,Actually foreign already positive medical live heart.,536 Shawn Gateway,West Misty,Maine,Uruguay,2014-01-11,*&WA*ryX)6,1978-04-13 17:39:32
8070,John Singh,jason03@example.net,Appear blood sister power base natural truth.,16800 Garner Flats,West Bethany,Connecticut,Monaco,1992-11-30,+FEmk+*Oc2,1994-03-26 02:53:11
2388,Jennifer Barber,sarahmarshall@example.org,Of program when explain production.,47946 Adam Centers Apt. 388,Cookshire,Mississippi,Honduras,1983-05-29,w@93M5G$&a,1981-12-29 14:22:49
6296,Ricardo Gonzales,mcunningham@example.net,A Democrat door up.,91647 Fischer Trail Apt. 031,Bennettbury,Tennessee,Cote d'Ivoire,2023-08-08,*bvh(5MbxI,2015-07-01 14:04:16
1795,Vanessa Williams,bullockjoshua@example.org,Over process increase born.,63309 Kristen Dale,Robertfurt,Louisiana,Belarus,2013-05-22,(aV$%hCF7b,1984-09-28 14:58:00
9409,Hailey Huber,heatherjordan@example.com,Half power follow experience suggest scientist.,6431 Jacob Streets Apt. 944,Shawnhaven,Arizona,Lao People's Democratic Republic,1994-08-16,^eb1ILDg#W,2003-03-23 07:39:58
8311,Rachel Mendez,lauriemccall@example.net,Teacher others along later kid agreement.,48517 Mueller Forks Suite 703,North Pamela,West Virginia,Antarctica (the territory South of 60 deg S),1976-11-27,G1@oSKa+$q,1991-01-30 20:41:23
6729,Bridget Jones,lpittman@example.org,Whatever try parent leg figure though.,903 Hicks Spur Suite 107,Nicolefurt,Massachusetts,Western Sahara,2004-01-21,S%4AKoTsJg,1989-03-09 08:13:13
3648,Linda Allen,boltoncarol@example.org,Report degree plan just participant public check.,469 Evans Pass Apt. 726,Lake Christina,Georgia,Costa Rica,2016-12-04,(0K%v5U6hj,1987-07-04 20:14:16
3783,Gerald Sharp,xjackson@example.com,End today process debate interest.,15548 Torres Terrace Apt. 925,New Dillonshire,Wisconsin,Canada,1979-10-02,Fe38OLpvb_,1994-06-15 18:54:49
2171,David Patel,tyler46@example.org,From around ok memory.,60855 Sarah Mews Suite 614,Littleport,Arkansas,Indonesia,2013-10-13,!P(8JBr_I1,1996-10-11 00:59:11
175,Scott Phillips,gilbertdanny@example.com,Realize field learn team.,3562 Jennifer Motorway,Richardmouth,Illinois,Guinea-Bissau,2011-11-09,hTP7jEjo$9,2003-11-29 16:28:54
9409,Todd Wilson,gatesstephen@example.org,Material four site professor head game.,73608 Cook Corner Apt. 254,Hernandezside,Wisconsin,Solomon Islands,1982-02-24,RKbVeKLn_9,2020-10-10 08:36:51
4543,April Cruz,peggy95@example.com,True born manage serious buy speech western.,33238 Oscar Mountains Apt. 128,Hendersonburgh,Maine,Tanzania,2004-01-16,i2bmUrm8!B,1970-08-21 20:17:19
8165,Teresa Weber,aspencer@example.org,Nothing reality two draw skill.,2961 Chelsea Points,Lake Tyler,Kansas,Guatemala,2011-09-24,m3NNZ5Wg^g,2022-07-14 08:50:17
9582,Emily Walters,sherri59@example.net,Trial describe huge state.,63767 Young Throughway,Katherinestad,Maryland,Myanmar,2005-03-29,@fy9cVo)O0,2001-01-26 10:32:22
7902,Shawn Johnson,stewartjames@example.net,Feel think choose safe democratic.,425 Denise Fort Suite 028,North Michelle,Rhode Island,Greenland,1982-03-31,K%G&Q#xB!7,1979-01-05 08:51:58
7594,Abigail Hall,reillytravis@example.com,Including fund simply guess.,17319 Wheeler Key Apt. 475,Port Crystal,Montana,Azerbaijan,1983-06-23,^6G4z6)0Bw,1974-09-17 00:42:38
1232,Rebecca Baker,melissa92@example.com,Amount rich special theory treat new score.,46001 Perkins Groves,Johnstad,Virginia,Nicaragua,1999-11-24,b0MS8@Wu*p,2023-12-04 18:31:03
195,Michael Costa,floresrebekah@example.com,Type wrong who few.,016 May Way,West Kaitlyntown,Illinois,Colombia,1998-07-13,eLRCZ!j@#6,2019-07-28 21:46:25
4449,Sherri Stevens,acostatiffany@example.net,Identify upon others course training these.,050 Bill Mill,South Stephanieview,Maryland,Philippines,1988-05-13,_l7X+twfV%,1973-10-05 02:34:05
8898,David Miller,nrobles@example.net,Article government late market lose through.,489 Hill Causeway Suite 919,Chavezmouth,Pennsylvania,Saint Kitts and Nevis,2021-02-17,^xW1XtR8dQ,2013-06-20 04:15:52
2280,Meredith Johnson,richard80@example.org,Audience example lose work.,600 Smith Burg,West Juanland,Colorado,Estonia,1974-07-17,y5An(!Xm)%,1994-08-20 19:43:31
6049,Shane Hamilton,karendavis@example.org,Find adult work away.,576 Rebecca Stravenue Suite 565,Lake Nancy,Alaska,Iraq,1999-07-20,F92EPKnw!9,1999-10-05 12:10:04
4040,Jonathan Ochoa,hroberson@example.com,Nothing own information sort.,07087 Barber Fords,Henryville,Pennsylvania,Suriname,1974-12-28,z#*6BjgoZ8,2018-12-19 05:04:53
7654,Randy Ramirez,briannaallen@example.com,Value wind debate it line project.,098 Walter Centers Suite 533,Vaughnmouth,Kansas,Ireland,2005-02-14,*%y7PCvkUH,1976-05-31 01:30:59
3628,Dennis Roman,zmorris@example.net,Summer leg whether.,9183 Ashley Prairie,New Michelleside,New Hampshire,Uzbekistan,2005-08-28,z(0&EYQsBa,2020-07-19 19:22:38
3860,Stephen Torres,cjoyce@example.net,Leader enough reason.,3860 Wright Circle Suite 575,Port Christianmouth,Delaware,Netherlands,2006-06-21,jw5ZblQq)6,2021-02-28 02:23:06
7546,Eric Ramirez,dalefitzgerald@example.com,If on instead crime before maybe shake cover.,0510 Travis Field Apt. 107,Neilville,Alaska,Mayotte,1994-09-16,aS)(1Plmu_,1995-07-13 04:49:47
1804,Katie Warren DDS,bullockemily@example.net,Forget another voice fine population.,4194 Jacob Lane,Johnsonstad,Missouri,Cuba,1979-07-13,&vOLyILW&9,1974-04-11 00:09:13
1930,David Campbell,bradley65@example.com,Bit drive happy religious chair more member effort.,48016 Victor Heights Suite 857,New Dylanport,Mississippi,Western Sahara,1977-11-16,+38Y@d7)&V,1995-01-05 12:59:24
9133,Thomas Armstrong,chapmankristin@example.org,Near respond senior stay.,03312 Fernando Forks Apt. 612,Frankshire,Nevada,Tanzania,2013-12-12,x^H1D(rB)s,2014-03-16 14:03:24
9017,Michael Strong,ramostara@example.org,Such national food gun language customer key.,433 Roth Road,New Natashaville,Iowa,South Africa,1998-03-14,+%DHoohpD6,1986-12-06 03:21:15
7317,Jessica Small,longwendy@example.org,Her Congress local point person million green.,105 Thompson Canyon Apt. 725,Jimenezville,Arkansas,Liberia,1990-08-23,8x_QOrel&x,2021-02-02 04:04:10
694,Andrea Flowers,christophergrant@example.net,Nearly school long author.,2550 Ramirez Valley Suite 726,East Tracyhaven,Colorado,Belize,2006-02-24,y@2ZLAa7y@,2004-08-08 13:44:26
4337,Michele Myers,josejennings@example.net,Respond possible three six capital environmental experience together.,634 Davis Squares Apt. 111,West Brian,New York,United States Minor Outlying Islands,2011-12-24,CN)9Ckjxx2,1990-06-01 01:12:57
6222,Lynn Olson,caleb05@example.net,That investment grow several involve usually see.,710 Rodriguez Overpass,Johnview,Arizona,Antigua and Barbuda,1984-10-03,t9LhOXUs&l,1998-09-17 00:39:11
192,James Dillon,patricia08@example.org,Player soon social provide capital talk production.,25697 Landry Rue,Beasleyborough,Vermont,Jordan,2020-05-03,#jVoEXYMi0,2002-03-10 09:27:13
282,Ronald Buck,dbarnes@example.org,Common animal seven world sure child manage.,228 Wall Run,East Melissa,Alaska,Sudan,2019-01-11,_QV0UmUZY6,2009-02-25 18:05:58
4044,Kevin Gonzalez,dawn17@example.com,Change defense old single discover enough.,60742 Johnson Wall Suite 262,Wrightmouth,Virginia,Sao Tome and Principe,2021-02-17,T5GDLjba^e,1974-11-29 17:36:10
6063,Maria Morris,wilsonsierra@example.com,True money note need.,33611 Griffin Pike Apt. 465,Fernandochester,Alabama,Wallis and Futuna,1984-06-27,!iOSlCoL(2,2005-10-24 09:12:25
4730,Laura Wilson,carl97@example.net,Energy tend finally visit opportunity wall.,2372 Teresa Valleys,Lake Barbaraborough,Hawaii,Trinidad and Tobago,1984-11-14,!0G_Vad&f8,2001-04-23 20:07:38
6483,Kevin Jones,lindsay54@example.net,Support lay case will may.,75699 Bryan Cliff,West Hannah,Oklahoma,Croatia,2010-05-12,t9YKFq#3)3,2021-03-05 17:07:34
6560,Jennifer Velasquez,nmorris@example.com,Brother company current my ready sense more.,23532 Joseph Drives,West Desiree,Nevada,Central African Republic,1985-09-19,x47c*Dt6@#,1993-03-19 19:55:12
3388,Jesse Barnes,ubrooks@example.org,Form become case.,28944 Smith Key Apt. 576,Davisside,Maryland,Luxembourg,1994-07-02,^h2hWk)*y7,2001-04-20 03:36:47
790,Alexandria Butler,stefaniemiller@example.org,Talk deal debate herself explain security vote.,1146 Davidson Squares Suite 764,North Christinaland,Idaho,Argentina,2007-11-01,%4JaltGDVx,1980-05-29 04:31:58
3860,Amy Howell,robert91@example.com,Either stand community there approach.,2807 Isaac Estates,West Chris,Oregon,Falkland Islands (Malvinas),2023-10-15,Rn@tNaB*+8,1975-06-15 17:16:37
5168,James Davidson,wangjesse@example.org,There speech clear which summer great.,912 Steven Ports Suite 025,Smithbury,Michigan,Martinique,1992-10-08,O&7H$NWmb0,2015-06-03 12:06:22
1457,Seth Johnson,douglas44@example.org,Visit alone hotel benefit reveal plant.,677 Matthew Burg,Kimberlyburgh,Mississippi,Solomon Islands,2009-01-22,(_3gzA!y$3,2019-08-12 14:35:01
3097,Timothy Aguilar,jeffery40@example.net,Scene man Mr usually.,5518 Pratt Forks Apt. 866,Beasleyburgh,Arkansas,Albania,2000-09-20,s_ig2X#t_8,1993-04-05 04:50:51
1569,Kelly Hester,samanthalong@example.net,Hand market pretty whom.,491 Smith Wall Apt. 477,South Ashley,Louisiana,Mauritania,1985-03-18,n)5)vVWn&!,2012-04-12 10:28:54
5080,Dawn Hawkins,bwatson@example.com,Always manager leave agreement.,64064 Jones Heights Suite 826,Aguilarburgh,Minnesota,Djibouti,2003-08-28,Ab7W6qCMK(,2021-09-12 05:36:07
